,Unnamed: 0,title,directors,rate,type,producer,publish_date
0,0.0,恶棍天使,"['俞白眉', '邓超']",4.0, 喜剧, 中国大陆, 2015-12-24(中国大陆)
1,1.0,大轰炸,['萧锋'],2.8, 动作 / 战争, 中国大陆, 2018-10-26(美国)
2,2.0,功夫联盟,['刘镇伟'],3.5, 剧情 / 动作, 中国大陆, 2018-10-26(中国大陆)
3,3.0,王牌逗王牌,['王晶'],3.3, 喜剧 / 动作 / 冒险, 中国大陆 / 香港, 2016-09-30(中国大陆)
4,4.0,爱情公寓,['韦正'],3.1, 喜剧 / 冒险, 中国大陆, 2018-08-10(中国大陆)
5,5.0,三生三世十里桃花,"['赵小丁', '安东尼·拉默里纳拉']",3.9, 爱情 / 奇幻, 中国大陆, 2017-08-03(中国大陆)
6,6.0,欧洲攻略,['马楚成'],3.5, 喜剧 / 动作 / 爱情, 中国大陆 / 英国, 2018-08-17(中国大陆)
7,7.0,冰封：重生之门,['罗永昌'],3.6, 喜剧 / 动作 / 奇幻, 中国大陆, 2014-04-25(中国大陆) / 2014-04-17(香港)
8,8.0,摆渡人,['张嘉佳'],4.0, 喜剧 / 爱情, 中国大陆 / 香港, 2016-12-23(中国大陆)
9,9.0,为你写诗,['吴克群'],3.8, 喜剧 / 爱情 / 奇幻, 中国大陆, 2018-10-26(中国大陆)
10,10.0,何以笙箫默,"['杨文军', '黄斌']",3.6, 爱情, 中国大陆, 2015-04-30(中国大陆)
11,11.0,第12届中国金鹰电视艺术节颁奖典礼,[],2.0, 中国大陆, 汉语普通话, 157分钟
12,12.0,澳门风云3,"['王晶', '刘伟强']",4.0, 喜剧 / 动作, 香港 / 中国大陆, 2016-02-08(中国大陆) / 2016-02-06(香港)
13,13.0,纯洁心灵·逐梦演艺圈,['毕志飞'],2.2, 剧情 / 喜剧, 中国大陆, 2017-09-22(中国大陆) / 2018-02-09(中国大陆重映) / 2015-12-10(旧金山环球国际电影节)
14,14.0,爵迹,['郭敬明'],3.8, 动画 / 奇幻, 中国大陆, 2016-09-29(中国大陆)
15,15.0,大闹天竺,['王宝强'],3.7, 喜剧 / 动作 / 冒险, 中国大陆, 2017-01-28(中国大陆)
16,16.0,胖子行动队,['包贝尔'],3.9, 喜剧 / 动作, 中国大陆, 2018-09-30(中国大陆)
17,17.0,安市城,['金光植'],3.9,,,
18,18.0,新娘大作战,['陈国辉'],3.9, 喜剧 / 爱情, 中国大陆 / 香港, 2015-08-20(中国大陆)
19,19.0,瘦长鬼影,['西尔维恩·怀特'],3.6, 恐怖, 美国, 93分钟
20,30.0,东北往事之破马张飞,['郭大雷'],3.5, 喜剧 / 动作, 中国大陆, 2017-02-03(中国大陆)
21,31.0,天机·富春山居图,['孙健君'],2.9, 动作 / 冒险, 中国大陆, 2013-06-09(中国大陆)
22,32.0,金蝉脱壳2：冥府,['史蒂芬·C·米勒'],3.1, 动作 / 惊悚, 美国 / 中国大陆, 2018-06-29(中国大陆) / 2018-06-13(菲律宾)
23,33.0,新乌龙院之笑闹江湖,['朱延平'],3.5, 剧情 / 喜剧 / 动作, 中国大陆, 2018-08-17(中国大陆)
24,34.0,封神传奇,['许安'],2.9, 剧情 / 动作 / 奇幻, 香港 / 中国大陆, 2016-07-29(中国大陆)
25,35.0,猛虫过江,['小沈阳'],3.7, 喜剧 / 动作, 中国大陆, 2018-06-15(中国大陆)
26,36.0,蒸发太平洋,['周文武贝'],3.3, 剧情 / 科幻 / 冒险, 中国大陆 / 美国, 2016-01-29(中国大陆)
27,37.0,白发魔女传之明月天国,['张之亮'],3.7, 动作 / 爱情 / 奇幻 / 武侠 / 古装, 中国大陆 / 香港, 2014-07-31(中国大陆)
28,38.0,卧底巨星,['谷德昭'],3.6, 喜剧 / 动作, 中国大陆 / 香港, 2018-01-12(中国大陆)
29,39.0,李雷和韩梅梅,['杨永春'],3.5, 剧情 / 喜剧 / 爱情, 中国大陆, 2017-06-09(中国大陆)
30,50.0,封门村,"['邢博', '李海洋']",2.7, 悬疑 / 惊悚, 中国大陆, 2014-05-27(中国大陆)
31,51.0,奔跑吧！兄弟,"['胡笳', '岑俊义']",3.4, 喜剧, 中国大陆, 2015-01-30(中国大陆)
32,52.0,谜巢,['金波·兰道'],3.5, 动作 / 冒险, 中国大陆 / 澳大利亚, 2018-01-19(中国大陆)
33,53.0,大话西游3,['刘镇伟'],3.6, 喜剧 / 爱情 / 奇幻, 中国大陆 / 香港, 2016-09-14(中国大陆)
34,54.0,胆小勿入,['Christopher G. Moore'],3.8, 恐怖, 美国, 2018-11-19(美国)
35,55.0,无极限之危情速递,['傅华阳'],3.1, 喜剧 / 动作 / 爱情 / 冒险, 中国大陆, 2011-08-12(中国大陆)
36,56.0,未来警察,['王晶'],3.8, 科幻, 香港 / 台湾, 2010-03-30(中国大陆) / 2010-04-15(香港)
37,57.0,闺蜜2,['黄真真'],2.6, 喜剧 / 爱情, 香港 / 中国大陆, 2018-03-02(中国大陆)
38,58.0,孤岛惊魂,['钟继昌'],3.2, 悬疑 / 惊悚 / 恐怖, 中国大陆, 2011-07-08(中国大陆)
39,59.0,欢乐喜剧人,['黎继强'],2.5, 喜剧, 中国大陆, 2017-03-24(中国大陆)
40,70.0,东成西就2011,['刘镇伟'],3.9, 喜剧 / 动作 / 爱情 / 音乐 / 奇幻, 中国大陆 / 香港, 2011-11-24(中国大陆)
41,71.0,京城81号2,['钱人豪'],3.8, 剧情 / 悬疑 / 惊悚, 中国大陆, 2017-07-06(中国大陆)
42,72.0,特殊身份,['霍耀良'],4.0, 动作 / 犯罪, 中国大陆, 2013-10-18(中国大陆)
43,73.0,大武当之天地密码,['梁柏坚'],3.8, 喜剧 / 动作 / 冒险, 中国大陆 / 香港, 2012-07-06(中国大陆)
44,74.0,浪漫天降,['宁瀛'],3.7, 喜剧 / 爱情, 中国大陆, 2015-10-23(中国大陆)
45,75.0,王朝的女人·杨贵妃,['十庆'],3.6, 爱情 / 古装, 中国大陆, 2015-07-30(中国大陆)
46,76.0,校花诡异事件,['关尔'],3.1, 惊悚 / 恐怖, 中国大陆, 2013-07-12(中国大陆)
47,77.0,女人公敌,['管晓杰'],3.5, 喜剧, 中国大陆, 2013-06-17(中国大陆)
48,78.0,青禾男高,['蒋卓原'],3.9, 剧情, 中国大陆 / 台湾, 2017-07-12(中国大陆)
49,79.0,奔爱,"['张一白', '管虎', '张猛', '滕华涛', '高群书']",3.8, 剧情 / 爱情, 中国大陆, 2016-02-14(中国大陆)
50,90.0,泡沫之夏,['赖俊羽'],2.6, 剧情 / 爱情, 中国大陆, 2016-07-21(中国大陆)
51,91.0,战国,['金琛'],3.8, 剧情 / 动作 / 爱情 / 悬疑 / 战争 / 古装, 中国大陆, 2011-04-12(中国大陆)
52,92.0,人间蒸发,['梁德森'],2.8, 悬疑 / 惊悚, 中国大陆 / 香港, 2013-04-28(中国大陆)
53,93.0,惊天破,['吴品儒'],3.9, 剧情 / 动作 / 悬疑 / 犯罪, 中国大陆 / 香港, 2016-10-20(香港/中国大陆) / 2016-06-13(上海国际电影节)
54,94.0,降魔传,"['王晶', '钟少雄']",2.9, 喜剧 / 奇幻, 中国大陆, 2017-11-17(中国大陆)
55,95.0,从天“儿”降,"['魏楠', '魏民']",3.5, 喜剧, 中国大陆, 2015-12-04(中国大陆)
56,96.0,谋杀似水年华,['陈果'],3.8, 爱情 / 悬疑, 中国大陆 / 香港, 2016-02-14(中国大陆) / 2016-03-10(香港)
57,97.0,飞天,"['王珈', '沈东']",3.1, 剧情, 中国大陆, 2011-07-01(中国大陆)
58,98.0,沙子怪物,['Isaac Gabaeff'],4.0, 科幻 / 恐怖, 美国, 2015
59,99.0,临时演员,"['钱江汉', '黄志伟']",3.7, 中国大陆, 汉语普通话, 93分钟
60,110.0,我的新野蛮女友,['赵根植'],3.6, 喜剧 / 爱情, 韩国 / 中国大陆, 2016-04-22(中国大陆)
61,111.0,大寒桃花开,['许安'],3.4, 爱情 / 武侠 / 古装, 中国大陆, 2014-01-17(中国大陆)
62,112.0,嘻游记,['钟少雄'],3.3, 喜剧, 中国大陆, 2010-07-02
63,113.0,铁血娇娃,['傅华阳'],3.4, 动作 / 惊悚 / 冒险, 中国大陆, 2013-11-01(中国大陆)
64,114.0,大话天仙,['刘镇伟'],3.0, 喜剧 / 奇幻 / 古装, 中国大陆 / 香港, 2014-02-02(中国大陆)
65,115.0,HOLD住爱,['张琦'],3.4, 喜剧 / 爱情 / 悬疑, 中国大陆, 2012-08-23(中国大陆)
66,116.0,阿修罗,['张鹏'],3.1, 动作 / 爱情 / 奇幻, 中国大陆, 2018-07-13(中国大陆)
67,117.0,钢刀,['刘晓光'],3.9, 剧情 / 动作, 中国大陆, 2016-05-20(中国大陆)
68,118.0,战神纪,['哈斯朝鲁'],3.6, 奇幻 / 冒险, 中国大陆, 2018-04-28(中国大陆)
69,119.0,大蛇,['林珍钊'],3.2, 动作 / 冒险, 中国大陆, 2018-09-04(中国大陆)
70,130.0,幸福马上来,"['冯巩', '崔俊杰']",3.8, 喜剧, 中国大陆, 2018-06-08(中国大陆)
71,131.0,不可思异,['孙周'],3.8, 剧情 / 喜剧 / 科幻, 中国大陆, 2015-12-04(中国大陆)
72,132.0,非狐外传,['钱升玮'],3.2, 爱情 / 惊悚 / 奇幻 / 古装, 中国大陆 / 香港, 2014-03-14(中国大陆)
73,133.0,三月情流感,['谢鸣晓'],3.6, 喜剧 / 爱情, 中国大陆, 2013-03-01(中国大陆)
74,134.0,枕边有张脸,['赵小溪'],3.8, 悬疑 / 惊悚, 中国大陆, 2013-06-14(中国大陆)
75,135.0,泡芙小姐,['张歆艺'],3.5, 剧情 / 爱情, 中国大陆, 2018-02-09(中国大陆)
76,136.0,疯岳撬佳人,['钟少雄'],3.2, 喜剧 / 爱情, 中国大陆, 2017-02-14(中国大陆)
77,137.0,河东狮吼2,['马伟豪'],3.3, 喜剧 / 动作 / 爱情, 中国大陆 / 香港, 2012-08-17(中国大陆)
78,138.0,唐伯虎点秋香2之四大才子,['李力持'],3.9, 喜剧 / 古装, 中国大陆 / 香港, 2010-07-08(香港)
79,139.0,女生宿舍,['梁婷'],3.9, 悬疑 / 惊悚, 中国大陆, 2014-09-12(中国大陆)
80,150.0,蝎子王3：救赎之战,['Roel Reiné'],3.9, 动作 / 奇幻 / 冒险, 泰国, 2012-01-17
81,151.0,尸囚狱：前篇,['城定秀夫'],3.9, 剧情 / 惊悚 / 恐怖 / 情色, 日本, 2017-06-03(日本)
82,152.0,古堡之吻,['田芬'],3.7, 爱情, 中国大陆 / 美国, 2014-05-08(中国大陆)
83,153.0,冲天火,['林岭东'],3.6, 动作 / 悬疑, 中国大陆, 2016-11-25(中国大陆)
84,154.0,梦想合伙人,['张太维'],3.9, 剧情 / 爱情, 中国大陆, 2016-04-29(中国大陆)
85,155.0,青春失乐园,['管晓杰'],3.9, 剧情 / 喜剧 / 歌舞, 中国大陆, 2011-11-11
86,156.0,解码游戏,['李海龙'],3.9, 喜剧 / 动作 / 犯罪, 中国大陆 / 香港 / 美国, 2018-08-03(中国大陆)
87,157.0,幼儿怨,['叶伟英'],3.1, 惊悚, 香港, 2018-08-24(香港)
88,158.0,守护者：世纪战元,['萨里·奥德赛耶'],3.9, 动作 / 科幻, 俄罗斯, 2017-05-19(中国大陆) / 2017-02-23(俄罗斯)
89,159.0,大嫂,['阚家伟'],3.3, 剧情 / 悬疑 / 犯罪, 香港 / 中国大陆, 2017-12-07(中国大陆)
90,170.0,笔仙大战贞子,['黄河'],4.0, 惊悚 / 恐怖, 中国大陆, 2016-05-24(中国大陆)
91,171.0,快乐到家,['傅华阳'],3.2, 喜剧, 中国大陆, 2013-01-15(中国大陆)
92,172.0,疯狂的导演,['宋阳'],3.1, 喜剧, 中国大陆, 2013-08-30(中国大陆)
93,173.0,夏日恋神马,['钱国伟'],3.9, 剧情 / 喜剧 / 爱情, 香港, 2011-11-04(中国大陆)
94,174.0,芳香之城传奇,"['徐超', '陈明新']",3.9, 爱情 / 奇幻, 中国大陆, 2011-02-22(中国大陆)
95,175.0,在一起,['霍耀良'],3.6, 爱情, 香港 / 中国大陆, 2013-02-12(中国大陆)
96,176.0,白狐,['牛朝阳'],3.3, 动作 / 爱情 / 奇幻 / 古装, 中国大陆, 2013-09-28(中国大陆)
97,177.0,床下有人,['牛朝阳'],2.8, 悬疑 / 惊悚, 中国大陆, 2011-10-14(中国大陆)
98,178.0,恶灵之家,['奥拉弗·约翰内斯松'],4.0, 恐怖, 美国, 2018-10-05(美国/英国)
99,179.0,绝命岛,['冯超'],3.1, 喜剧, 中国大陆, 2010-10-12(中国大陆)
100,190.0,那件疯狂的小事叫爱情,['邹佡'],4.0, 喜剧 / 爱情, 中国大陆, 2016-08-12(中国大陆)
101,191.0,年少轻狂,['戴睿'],3.7, 喜剧 / 爱情, 中国大陆, 2015-11-13(中国大陆)
102,192.0,杨门女将之军令如山,['陈勋奇'],3.5, 剧情 / 动作 / 古装, 中国大陆 / 香港, 2011-11-18(中国大陆)
103,193.0,暗杀游戏,['萨里·奥德赛耶'],3.7, 动作 / 科幻 / 惊悚, enjoy-movies.ru/projects/mafiya.html, 俄语 / 英语
104,194.0,我的播音系女友,"['程中豪', '王凯']",3.6, 喜剧 / 爱情, 中国大陆, 2014-05-20(中国大陆)
105,195.0,勇士之门,['马蒂亚斯·霍恩'],3.5, 奇幻 / 冒险, 中国大陆 / 法国, 2016-11-18(中国大陆)
106,196.0,汽车人总动员,['卓建荣'],2.3, 喜剧 / 动画 / 冒险, 中国大陆, 2015-07-03(中国大陆)
107,197.0,沙西米,['潘志远'],4.0, 情色, 台湾, 2015-04-24(台湾)
108,198.0,三笑之才子佳人,"['郭德纲', '刘观伟']",3.9, 喜剧 / 古装, 中国大陆, 2010-05-07(中国大陆)
109,199.0,嘿店,['姬棹馨'],3.3, 喜剧 / 惊悚, 中国大陆, 2011-10-21(中国大陆)
110,210.0,未来世界,['詹姆斯·弗兰科'],3.3, 科幻, 美国, 2018-05-25(美国)
111,211.0,破梦游戏,['韩琰'],3.9, 动作 / 冒险, 中国大陆, 2018-11-09(中国大陆)
112,212.0,情遇曼哈顿,['李巨源'],3.8, 喜剧 / 爱情, 中国大陆, 2017-10-13(中国大陆)
113,213.0,致我们终将到来的爱情,['郑来志'],3.6, 喜剧 / 爱情, 中国大陆, 2016-01-29(中国大陆)
114,214.0,上位,['管晓杰'],3.4,,,
115,215.0,相声大电影之我要幸福,['张鹤栾'],3.0, 剧情 / 喜剧, 中国大陆, 2017-12-01(中国大陆)
116,216.0,车在囧途,"['华原', '鲍积明']",4.0, 喜剧 / 爱情, 中国大陆, 2012-04-01(中国大陆)
117,217.0,奶酪陷阱,['金帝荣'],4.0, 爱情 / 惊悚, 韩国 / 中国大陆, 2018-03-14(韩国)
118,218.0,电梯惊魂,['宁敬武'],3.5, 悬疑 / 惊悚, 中国大陆, 2013-02-22(中国大陆)
119,219.0,毕业作品,['许斌'],3.4, 剧情 / 爱情 / 冒险, 中国大陆, 2018-04-13(中国大陆)
120,230.0,一纸婚约,['张辉'],4.0, 剧情 / 爱情, 中国大陆, 2018-06-08(中国大陆) / 2017-04-29(美国)
121,231.0,丧尸出笼：血脉,"['埃克托·埃尔南德斯·比森斯', '皮尔瑞·雷金纳德·迪奥']",3.8, 恐怖, 美国, 2018-01-05(美国)
122,232.0,恶与假面的规则,['中村哲平'],3.8, 剧情 / 惊悚 / 犯罪, akutokamen.com, 日语
123,233.0,报告老师我是东北银,['周德华'],3.7,,,
124,234.0,诡婴吉咪,['梁普智'],3.6, 惊悚, 中国大陆, 2013-10-31(中国大陆)
125,235.0,半夜不要照镜子,['牛朝阳'],3.4, 悬疑 / 惊悚, 中国大陆, 2012-06-14(中国大陆)
126,236.0,杀手,['斯蒂文·梅纳'],3.2, 恐怖, 美国, 2018-10-12(美国)
127,237.0,仙球大战,['刘镇伟'],2.5, 中国大陆, 汉语普通话, 84分钟
128,238.0,夜闯寡妇村,['邢博'],2.4, 悬疑 / 惊悚, 中国大陆, 2017-04-27(中国大陆)
129,239.0,鲨卷风,['安东尼·C·费兰特'],3.7, 喜剧 / 科幻 / 恐怖, 美国, 2013-07-11(美国)
130,250.0,谁说我们不会爱,['刘宝贤'],3.5, 爱情, 中国大陆, 2014-02-14(中国大陆)
131,251.0,半熟少女,"['阿牛', '赵宇', '陈立谦']",3.2, 剧情 / 爱情, 中国大陆, 2016-03-25(中国大陆) / 2016-02-18(马来西亚)
132,252.0,抢红,['黎明'],3.0, 动作 / 犯罪, 中国大陆, 2017-05-19(中国大陆)
133,253.0,神通乡巴佬,['皮建鑫'],3.9, 剧情 / 喜剧 / 爱情, 中国大陆, 2012-03-08(中国大陆)
134,254.0,星期8,['王艺珺'],3.9, 剧情 / 奇幻, 中国大陆, 2017-11-28(中国大陆)
135,255.0,无价之宝,['姜国民'],3.7, 喜剧, 中国大陆 / 香港, 2011-08-19(中国大陆)
136,256.0,邪恶校园,['Storm Ashwood'],3.4, 惊悚, 澳大利亚, 2018-07-27(澳大利亚)
137,257.0,公主的诱惑,['黄肖英'],3.3, 喜剧 / 爱情, 中国大陆, 2013-10-25(中国大陆)
138,258.0,会痛的十七岁,['彭发'],3.0, 爱情, 中国大陆, 2017-09-15(中国大陆)
139,259.0,我的极品女神,"['阚家伟', '王光利']",4.0, 喜剧 / 爱情 / 科幻, 中国大陆, 2016-07-07(中国大陆) / 2016-03-17(香港)
140,270.0,绝色武器,['麦子善'],3.9, 动作 / 爱情, www.nakedsoldier-movie.com, 汉语普通话 / 粤语
141,271.0,绝命航班,['周文武贝'],3.4, 动作 / 惊悚 / 灾难, 中国大陆, 2014-03-21(中国大陆)
142,272.0,影子爱人,['潘源良'],4.0, 喜剧 / 爱情, 中国大陆 / 香港, 2012-05-11(中国大陆)
143,273.0,爸爸的假期,['王岳伦'],4.0, 喜剧 / 家庭, 中国大陆, 2015-02-19(中国大陆)
144,274.0,黑色喜剧,['钱国伟'],4.0, 喜剧, 香港, 2014-03-20(香港)
145,275.0,窃窃私语,['崔尙勲'],3.9, 恐怖, 韩国, 2018-07-13(韩国)
146,276.0,私人会所,['颜米羔'],3.8, 剧情, 香港, 2017-08-31(香港)
147,277.0,野性侵袭,['马克·杨'],3.6, 动作 / 惊悚 / 恐怖, 美国, 2017-09-23(夏洛特电影节) / 2018-05-25(美国)
148,278.0,笔仙惊魂3,['关尔'],3.2, 悬疑 / 惊悚 / 恐怖, 中国大陆, 2014-04-04(中国大陆)
149,279.0,开罗宣言,"['刘星', '温德光', '胡明钢']",3.2, 剧情 / 历史, 中国大陆, 2015-09-03(中国大陆)
150,290.0,帝国秘符,['李作楠'],3.1, 动作 / 冒险, 中国大陆, 2013-09-18(中国大陆)
151,291.0,冰封侠：时空行者,['叶伟民'],2.7, 动作 / 奇幻, 中国大陆 / 香港, 2018-11-02(中国大陆)
152,292.0,中国好声音之为你转身,['蔡於位'],2.5, 剧情 / 爱情 / 音乐, 中国大陆, 2013-12-27(中国大陆)
153,293.0,热情的邻居,['이전'],3.9, 剧情 / 情色, 韩国, 2016-01-28(韩国)
154,294.0,古宅,"['涂霆骏', '麦浩邦']",3.6, 惊悚 / 恐怖, 香港, 2018-09-25(中国大陆) / 2018-10-04(香港)
155,295.0,吸血猎手,['Ben Jagger'],3.6, 剧情 / 惊悚 / 恐怖, 美国 / 英国, 2018-04-20(美国)
156,296.0,笔仙惊魂,['关尔'],3.4, 悬疑 / 惊悚 / 恐怖, 中国大陆, 2012-06-08(中国大陆)
157,297.0,白雪公主之矮人力量,['邱浩强'],3.4, 喜剧 / 动画 / 奇幻 / 冒险, 中国大陆, 2014-08-21(中国大陆)
158,298.0,蜀山降魔传,['朱凌锋'],2.7, 动作 / 爱情 / 武侠, 中国大陆, 2018-08-05(中国大陆)
159,299.0,钢铁飞龙之再见奥特曼,['王巍'],2.5, 动作 / 科幻 / 动画, www.bluearc.com.cn, 汉语普通话
160,310.0,浙江卫视领跑2018演唱会,['蒋敏昊'],3.9, 中国大陆, 汉语普通话, 222分钟
161,311.0,大宅男,['朱延平'],3.8, 喜剧 / 爱情, 台湾 / 中国大陆 / 香港, 2014-07-10(中国大陆) / 2015-06-26(中国大陆) / 2014-08-22(台湾)
162,312.0,赛尔号大电影5：雷神崛起,['王章俊'],3.8, 剧情 / 动画 / 儿童 / 冒险, 中国大陆, 2015-07-23(中国大陆)
163,313.0,山炮进城2,['崔俊杰'],3.8, 喜剧, 中国大陆, 2016-03-02(中国大陆)
164,314.0,大胃王,['罗惠德'],3.7, 喜剧, 中国大陆, 2010-03-05(中国大陆)
165,315.0,谁动了我的梦想,"['王伟', '毕国书']",3.7, 剧情 / 喜剧 / 爱情, 中国大陆, 2014-12-11(中国大陆)
166,316.0,死亡邮件,['李彧'],3.5, 悬疑 / 犯罪, 中国大陆, 2014-06-20(中国大陆)
167,317.0,爸爸的3次婚礼,['马楚成'],3.1, 喜剧 / 爱情 / 家庭, 中国大陆, 2016-12-30(中国大陆)
168,318.0,食人虫,['严嘉'],3.0, 中国大陆, 汉语普通话 / 英语, 82分钟
169,319.0,异度公寓,['蒋国权'],2.7, 惊悚, 中国大陆, 2010-06-04(中国大陆)
170,330.0,白日杀机,['张帆'],2.4, 中国大陆, 汉语普通话, 62分钟
171,331.0,荒村公寓,['罗志良'],3.9, 惊悚, 中国大陆 / 香港, 2010-08-13
172,332.0,鲨卷风2,['安东尼·C·费兰特'],3.9, 喜剧 / 科幻 / 恐怖, 美国, 2014-07-31(美国)
173,333.0,将错就错,['王宁'],3.8, 喜剧 / 爱情, 中国大陆, 2015-03-05(中国大陆)
174,334.0,贞子3D,['英勉'],3.6, 恐怖, www.sadako3d.jp, 日语
175,335.0,时间的皱折,['艾娃·德约列'],3.6, 科幻 / 奇幻 / 冒险, 美国, 2018-03-09(美国)
176,336.0,极致追击,['查尔斯·马丁'],3.4, 动作 / 犯罪 / 冒险, 中国大陆, 2017-09-30(中国大陆)
177,337.0,西北风云,['黄璜'],3.4, 剧情 / 犯罪, 中国大陆, 2018-04-13(中国大陆)
178,338.0,血腥姐妹会,['马蒂·贝克曼'],3.4, 惊悚, 加拿大 / 美国, 2018-07-27(美国)
179,339.0,诡替身,['李锦航'],3.3, 惊悚 / 恐怖, 中国大陆, 2014-10-17(中国大陆)
180,350.0,校花驾到之极品校花,['管晓杰'],3.2, 剧情, 中国大陆, 2014-11-21(中国大陆)
181,351.0,史前巨鳄遗产,['达雷尔·鲁特'],3.0, 美国, 英语, 90
182,352.0,环大西洋,['贾瑞德·科恩'],2.9, 科幻, 美国, 2013-07-09(美国)
183,353.0,嫁个100分男人,['王晶'],4.0, 喜剧 / 爱情, 中国大陆 / 香港, 2012-03-16(中国大陆)
184,354.0,中国推销员,['檀冰'],3.9, 剧情 / 动作 / 爱情 / 战争, 中国大陆, 2017-06-16(中国大陆)
185,355.0,记忆碎片,['朴裕焕'],3.9, 喜剧 / 悬疑, 中国大陆, 2016-06-03(中国大陆)
186,356.0,机甲女神之究极神兵,"[""Ken'ichi Fujiwara""]",3.9, 动作, http, 日语
187,357.0,伊阿索密码,"['李伟', '张楠']",3.9, 科幻 / 悬疑 / 惊悚, 中国大陆, 2018-06-22(中国大陆)
188,358.0,幻视,['高庆民'],3.9, 悬疑 / 惊悚, 韩国, 2018-05-30(韩国)
189,359.0,人工智能：灭绝危机,['巴特·鲁斯波利'],3.8, 科幻, 英国, 2018-04-20(美国) / 2018-07(英国)
190,370.0,狄仁杰之夺命天眼,['童辉'],3.8, 剧情 / 古装, 中国大陆, 2018-07-27(中国大陆)
191,371.0,金三角大营救,['张涛'],3.8, 剧情 / 动作 / 悬疑, 中国大陆, 2018-05-10(中国大陆)
192,372.0,空难,['John Willis III'],3.8, 动作 / 惊悚, 美国, 2010-06-29
193,373.0,雍女传,['Kyeong Seok-ho'],3.6, 韩国, 韩语, 94分钟
194,374.0,入伍前夕,['유승택'],3.6, 韩国, 韩语, 90分钟
195,375.0,美人邦,"['张竣程', '王伟']",3.5, 喜剧 / 爱情, 中国大陆, 2014-08-28(中国大陆)
196,376.0,识色，幸也,['刘欣翰'],3.3, 中国大陆, 汉语普通话, 103分钟
197,377.0,喜乐长安,['竹卿'],3.0, 动作 / 爱情 / 武侠 / 古装, 中国大陆, 2016-03-25(中国大陆)
198,378.0,我是处女座,['陈兵'],2.9, 剧情 / 爱情, 中国大陆, 2016-11-25(中国大陆)
199,379.0,孤岛惊魂2,['钟继昌'],2.8, 悬疑 / 惊悚 / 恐怖, 中国大陆, 2013-01-26(中国大陆)
200,390.0,闪魂,['戴维'],2.7, 惊悚 / 犯罪, 中国大陆, 2014-02-21(中国大陆)
201,391.0,宝贝当家,['张敏'],2.7, 喜剧 / 动作, 香港 / 中国大陆, 2016-07-29(中国大陆)
202,392.0,恐怖游泳馆,['袁杰'],2.6, 惊悚, 中国大陆, 2015-07-31(中国大陆)
203,393.0,莫日根,"['王鹏程', '马建军']",2.2, 动画 / 儿童 / 冒险, 中国大陆, 2015-10-17(中国大陆)
204,394.0,不期而遇,['陈卓'],4.0, 喜剧 / 爱情, 中国大陆 / 美国, 2017-05-19(中国大陆)
205,395.0,冒牌卧底,['唐旭'],4.0, 喜剧 / 犯罪 / 冒险, 中国大陆, 2016-12-29(中国大陆)
206,396.0,歌舞青春,['陈士争'],3.9, 歌舞, 中国大陆, 2010-08-10
207,397.0,铠甲勇士捕王,['郑国伟'],3.8, 动作 / 动画 / 奇幻 / 冒险, 中国大陆, 2016-10-02(中国大陆)
208,398.0,鲨卷风3,['安东尼·C·费兰特'],3.7, 喜剧 / 科幻 / 恐怖, 美国, 2015-06-22(美国)
209,399.0,姐妹情室,['한동호'],3.7, 情色, 韩国, 2015-04-30(韩国)
210,410.0,清算日,['Joel X. Novoa'],3.4, 动作 / 科幻, 美国, 2016-10-08(美国)
211,411.0,三更车库,['周耀武'],3.3, 悬疑 / 惊悚 / 恐怖, 中国大陆, 2015-04-03(中国大陆)
212,412.0,新僵尸先生2,['刘观伟'],3.2, 剧情 / 恐怖, 香港 / 中国大陆, 2018-01-05(中国大陆)
213,413.0,迷人的保姆,['백두산'],3.1, 爱情 / 情色, 韩国, 2015-04-16(韩国)
214,414.0,美国战舰,['Thunder Levin'],3.1, 科幻 / 战争, 美国, 2012-05-15(美国)
215,415.0,后备空姐,['管晓杰'],3.0, 喜剧, 中国大陆 / 马来西亚, 2014-05-01(中国大陆)
216,416.0,玛格丽特的春天,['王宁'],3.0, 中国大陆, 汉语普通话, 90分钟
217,417.0,丝袜会所,['任驰'],2.9, 剧情 / 喜剧 / 爱情, 中国大陆, 90分钟
218,418.0,环大西洋2,['贾瑞德·科恩'],2.9, 美国, 英语, 85分钟
219,419.0,林中小屋,['邓特希'],2.8, 爱情 / 悬疑, 中国大陆 / 香港, 2014-02-14(中国大陆)
220,430.0,时间都去哪了,['车径行'],4.0, 剧情 / 爱情, 中国大陆, 2015-08-07(中国大陆)
221,431.0,好命先生,['韩兆'],3.9, 喜剧 / 爱情, 中国大陆, 2014-08-15(中国大陆)
222,432.0,笔仙Ⅱ,['安兵基'],3.9, 悬疑 / 惊悚, 中国大陆, 2013-07-16(中国大陆)
223,433.0,从裸开始,['中町サク'],3.9, 剧情 / 情色 / 传记, www.subetewahadaka.com/, 日语
224,434.0,堕落天使,['斯科特·希克斯'],3.9, 爱情 / 奇幻, 美国 / 匈牙利, 2016-12-02(台湾) / 2016-12-29(香港)
225,435.0,强制措施,['Craig Goodwill'],3.9, 惊悚 / 恐怖 / 奇幻, 美国, 2016-11-09(多伦多电影节)
226,436.0,让我死,['Weeratham Preedee'],3.8, 泰国, 泰语, 86分钟
227,437.0,2017天猫双十一狂欢夜,[' 大卫·希尔'],3.8, 中国大陆, 汉语普通话, 2017天猫双11晚会
228,438.0,狼母,['Erik Peter Carlson'],3.8, 惊悚 / 犯罪, 美国, 2016-06-02(美国)
229,439.0,凶间雪山,['周耀武'],3.7, 惊悚 / 恐怖, 中国大陆, 2012-12-21(中国大陆)
230,450.0,色欲之死,['友松直之'],3.7, 恐怖, 日本, 2012-03-03(日本)
231,451.0,济公之神龙再现,['林子聪'],3.7, 喜剧 / 爱情 / 古装, 中国大陆, 2018-08-09(中国大陆)
232,452.0,暮光·巴黎,"['万沥方', '董方辰']",3.6, 爱情 / 奇幻, 法国 / 中国大陆, 2018-10-26(中国大陆) / 2017-10-30(法国)
233,453.0,鲨卷风4：四度觉醒,['安东尼·C·费兰特'],3.6, 喜剧 / 科幻 / 恐怖, 美国, 2016-07-31(美国)
234,454.0,潘多拉异兽,['Ryan Bellgardt'],3.6, 恐怖, 美国, 2017-01-11(菲律宾) / 2017-07-11(美国)
235,455.0,我在路上最爱你,['金丰起'],3.5, 剧情 / 爱情, 中国大陆 / 韩国, 2014-03-28(中国大陆)
236,456.0,我是谁2015,['宋胤熹'],3.5, 喜剧 / 动作, 中国大陆, 2015-06-12(中国大陆)
237,457.0,僵尸新战士,['罗守耀'],3.5, 恐怖, 香港, 2010-11-09
238,458.0,热爱岛,['甘国亮'],3.4, 喜剧 / 爱情, 中国大陆 / 香港, 2012-06-01(中国大陆)
239,459.0,奇点,['Robert Kouba'],3.4, 科幻, 美国, 2017-11-03(美国)
240,470.0,紫宅,['潘恒生'],3.3, 爱情 / 悬疑 / 惊悚, 中国大陆 / 香港, 2011-09-23(中国大陆) / 2017-08-18(中国大陆重映)
241,471.0,午夜火车,['张江南'],3.2, 悬疑 / 惊悚, 中国大陆, 2013-03-08(中国大陆)
242,472.0,购物女王,['柳广辉'],3.1, 喜剧 / 爱情, 中国大陆, 2016-05-13(中国大陆) / 2016-09-23(台湾)
243,473.0,拳皇,['陈嘉上'],3.0, 动作 / 科幻 / 冒险, 日本 / 台湾 / 德国 / 加拿大 / 美国 / 英国, 2012-10-12(中国大陆) / 2010-08-26(新加坡) / 2011-07-02(日本)
244,474.0,绑架大明星,"['张加贝', '高奇']",2.8, 喜剧, 中国大陆, 2013-08-02(中国大陆)
245,475.0,秘术,['吴兵'],2.5, 悬疑 / 惊悚 / 冒险, 中国大陆, 2014-11-14(中国大陆)
246,476.0,斗战胜佛,['蔺水净'],2.5, 喜剧 / 奇幻, 中国大陆, 2017-03-15(中国大陆)
247,477.0,放手爱,['张敏'],2.3, 喜剧 / 爱情, 中国大陆, 2014-04-30(中国大陆)
248,478.0,异空危情,['张海靖'],4.0, 爱情 / 惊悚 / 情色, 中国大陆, 2010-10-12(中国大陆)
249,479.0,辣警霸王花,['钱国伟'],4.0, 喜剧 / 动作, 香港, 2016-11-18(中国大陆) / 2016-10-13(香港)
250,490.0,妻子的情人,[],4.0,,,
251,491.0,以吻之名,['Ronnie Khalil'],4.0, 剧情 / 爱情 / 奇幻, 美国, 2018-08-23(美国)
252,492.0,深海狂鲨2,['Darin Scott'],3.9, 动作 / 科幻 / 恐怖, 美国, 2018-04-12(网络) / 2018-04-17(美国)
253,493.0,怨灵2,['李勇昌'],3.9, 中国大陆 / 泰国 / 马来西亚, 汉语普通话, 90分钟
254,494.0,死亡棚屋,['Peter Ricq'],3.9, 喜剧 / 恐怖, 加拿大 Canada, 2017-07-02(加拿大)
255,495.0,鲨卷风5：全球鲨暴,['安东尼·C·费兰特'],3.9, 喜剧 / 科幻 / 恐怖, 美国, 2017-08-06(美国)
256,496.0,路边摊,['최율권희'],3.8, 韩国, 韩语, 98分钟
257,497.0,有一种喜欢,['王郁惠'],3.8, https, 台湾, 2018-03-30(台湾)
258,498.0,钢铁骑士,['斯特瓦特·亨德尔'],3.7, 动作 / 科幻 / 冒险, www.maxsteelfilm.com, 英语
259,499.0,情事：不要结婚要恋爱,['조경훈'],3.7, 爱情, 韩国, 2016-04-19(韩国)
260,510.0,我的男男男男朋友,['赵崇基'],3.6, 喜剧 / 爱情, 中国大陆, 2013-11-15(中国大陆)
261,511.0,金沙血,['盖南·科内尔'],3.6, 动作, 美国 / 香港 / 墨西哥 / 摩洛哥 / 瑞士 / 阿联酋, 2017-03-10
262,512.0,巴啦啦小魔仙,"['李欣', '叶凯']",3.5, 儿童 / 奇幻 / 冒险, 中国大陆, 2013-01-31(中国大陆)
263,513.0,霸道总裁和他的男人,['杨欢'],3.5, 中国大陆, 汉语普通话, 62分钟
264,514.0,夜半梳头,['刘宁'],3.4, 悬疑 / 惊悚, 中国大陆, 2014-06-13(中国大陆)
265,515.0,中国蓝盔,['宁海强'],3.4, 剧情 / 动作 / 战争, 中国大陆, 2018-11-23(中国大陆) / 2018-06-18(上海电影节)
266,516.0,楼上的女孩,['Lee Chan-wook'],3.3, 爱情 / 情色, 韩国, 2014-10-29(韩国)
267,517.0,第五名乘客,['Scotty Baker'],3.4, 科幻, 美国, 2017-01(美国)
268,518.0,兄弟，别闹！,"['高晓攀', '孙集斌']",3.3, 中国大陆, 汉语普通话, 90分钟
269,519.0,城市游戏,"['鲍勃·布朗', '张鹏']",3.3, 动作 / 惊悚, 中国大陆 / 美国, 2014-05-16(中国大陆)
270,529.0,巴啦啦小魔仙之魔法的考验,"['于人', '刘浩']",3.3, 儿童 / 奇幻 / 冒险, 中国大陆, 2014-01-23(中国大陆)
271,530.0,青春逗,['郑仕明'],3.3, 剧情 / 喜剧, 中国大陆, 2017-07-07(中国大陆) / 2017-10-20(中国大陆重映)
272,531.0,神奇,['胡雪桦'],3.2, 剧情 / 爱情 / 运动, 中国大陆, 2013-09-30(中国大陆)
273,532.0,怨灵人偶,['石井辉仪'],2.9, 惊悚 / 恐怖, 中国大陆, 2014-12-31(中国大陆)
274,533.0,敦刻尔克行动,['尼克·里昂'],2.8, 美国, 英语, 95分钟
275,534.0,我爱灰太狼2,['叶凯'],2.8, 喜剧 / 动画, 中国大陆, 2013-08-01(中国大陆)
276,535.0,恐怖旅馆,['郑来志'],2.7, 喜剧 / 恐怖, 中国大陆, 2012-08-17(中国大陆)
277,536.0,狂野飞车,['袁野'],2.7, 动作 / 爱情 / 冒险, 中国大陆, 2015-08-14(中国大陆)
278,537.0,我为相亲狂,['韩晶'],4.0, 喜剧 / 爱情, e.weibo.com/3240653970/, 汉语普通话
279,538.0,骇客交锋,['迈克尔·曼'],4.0, 剧情 / 动作 / 悬疑 / 惊悚 / 犯罪, 美国, 2015-01-16(美国)
280,539.0,古镇凶灵之巫咒缠身,['刘辉'],4.0, 惊悚 / 恐怖, 中国大陆, 2013-09-06(中国大陆)
281,550.0,深情触摸,['金豪俊'],4.0, 韩国, 韩语, 75分钟
282,551.0,猪猪侠之终极决战,"['陆锦明', '陆锦辉']",4.0, 喜剧 / 动画 / 冒险, 中国大陆, 2015-07-10(中国大陆)
283,552.0,勾当2：红色骆驼,['卢镇秀'],4.0, 剧情, 韩国, 2015-08-07(韩国)
284,553.0,山炮进城,['崔俊杰'],3.9, 喜剧, 中国大陆, 2015-10-27
285,554.0,凶手还未睡,['邱礼涛'],3.9, 剧情 / 悬疑 / 惊悚, 香港, 2016-10-21(中国大陆) / 2016-03-22(香港电影节) / 2016-10-27(香港)
286,555.0,我的老婆是明星,['翁秀兰'],3.9, 喜剧 / 爱情, 香港, 2016-04-08(中国大陆) / 2016-04-07(香港)
287,556.0,龙拳小子,"['陶声', '王玮']",3.9, 喜剧 / 动作, 中国大陆, 2016-08-02(中国大陆)
288,557.0,潜艇总动员4：章鱼奇遇记,['何子力'],3.9, 喜剧 / 动画 / 冒险, 中国大陆, 2014-05-30(中国大陆)
289,558.0,女人永远是对的,['高志森'],3.8, 喜剧 / 爱情, 香港, 2017-06-16(中国大陆) / 2017-06-22(香港)
290,559.0,新的哥哥,[],3.9, 韩语, 2016-09-20(韩国), 伪兄妹 / Step-Brother
291,570.0,幸福泌尿科,['조태호'],3.9, 韩国, 韩语, 72分钟
292,571.0,夜惊魂,['许斌'],3.8, 恐怖, 中国大陆, 2011-04-02(中国大陆)
293,572.0,满洲里来的人,['唐棣'],3.8, 剧情 / 犯罪 / 奇幻, 中国大陆, 2015-03-25(香港电影节)
294,573.0,当我成为你,['边嘉威'],3.8, 爱情 / 悬疑, 中国大陆, 2016-08-31(中国大陆)
295,574.0,功夫侠,"['宁瀛', '袁祥仁']",3.7, 动作, 美国 / 中国大陆, 2013-07-19(中国大陆)
296,575.0,养鬼吃人9：启示录,['Víctor García'],3.7, 恐怖, 美国, 2011-10-18(美国)
297,576.0,土豪520,['林爱华'],3.6, 喜剧 / 爱情, 中国大陆, 2015-05-21(中国大陆)
298,577.0,蔡李佛,"['黄明升', '罗惠德']",3.6, 剧情 / 动作, 中国大陆 / 香港, 2011-04-02(中国大陆)
299,578.0,巨型蜘蛛,['蒂波尔·塔卡克斯'],3.6, 惊悚, 美国, 89分钟
300,579.0,爱我就陪我看电影,['牛朝阳'],3.5, 喜剧 / 爱情, 中国大陆, 2015-04-30(中国大陆)
301,590.0,全美洗车女郎,['Nimrod Zalmanowitz'],3.5, 喜剧, 美国, 2015-08-29
302,591.0,炸星记,['Shakti Soundar Rajan'],3.5, 动作 / 科幻 / 冒险, 印度, 2018-06-22(美国)
303,592.0,蜜月酒店杀人事件,['张哲洙'],3.4, 剧情 / 悬疑, 中国大陆 / 韩国, 2016-05-27(中国大陆)
304,593.0,呆呆计划,['森岛'],3.4, 剧情 / 喜剧 / 犯罪, 中国大陆, 2016-12-09(中国大陆)
305,594.0,夜店北京2：女神禁区,['张朋'],3.4, 中国大陆, 汉语普通话, 90分钟
306,595.0,古墓兽影,['李麒麟'],3.4, 动作 / 惊悚, 中国大陆, 2018-09-13(中国大陆)
307,596.0,午夜心跳,['张加贝'],3.3, 恐怖, 中国大陆, 2010-12-24(中国大陆)
308,597.0,时光恋人,['沈东'],3.3, 剧情 / 爱情 / 奇幻, 中国大陆, 2013-09-06(中国大陆)
309,598.0,嫐,['余为彦'],3.3, 剧情, 台湾, 2017-05-21(桃园电影节)
310,599.0,张震讲故事之鬼迷心窍,['徐正超'],3.2, 悬疑 / 惊悚, 中国大陆, 2015-07-03(中国大陆)
311,609.0,圣安地列斯地震,['John Baumgartner'],3.2, 动作 / 科幻, http, 英语
312,610.0,夺命双头鲨,['Christopher Ray'],3.1, 动作 / 科幻 / 恐怖, 美国, 2012-01-17
313,611.0,708090之深圳恋歌,"['林伊琦', '邓鉴泉', '陈木川']",3.0, 剧情 / 爱情, 中国大陆, 2016-05-20(中国大陆)
314,612.0,夺命五头鲨,['Christopher Ray'],3.0, 美国, 英语, 89分钟
315,613.0,蝴蝶公墓,['马伟豪'],2.9, 爱情 / 奇幻, 中国大陆, 2017-10-20(中国大陆)
316,614.0,灵臆事件,['刘宝贤'],2.9, 惊悚 / 恐怖, 中国大陆, 2015-11-20(中国大陆)
317,615.0,咒语,['裘德·沃尔克'],2.9, 恐怖 / 奇幻 / 冒险, 美国, 2018-08-31(美国)
318,616.0,怖偶,['王松'],2.8, 悬疑 / 惊悚, 中国大陆, 2014-05-07(中国大陆)
319,617.0,楼,['李远'],2.8, 悬疑 / 惊悚, 中国大陆, 2013-03-28(中国大陆)
320,618.0,惊魂电影院,['王鸣'],2.8, 惊悚, 中国大陆, 2015-06-19(中国大陆)
321,619.0,床下有人2,['袁杰'],2.7, 悬疑 / 惊悚, 中国大陆, 2014-08-22(中国大陆)
322,630.0,情剑,['陈咏歌'],2.7, 武侠 / 古装, 中国大陆, 2015-08-07(中国大陆)
323,631.0,咸鱼传奇,['袁杰'],2.7, 喜剧, 中国大陆, 2017-05-05(中国大陆)
324,632.0,致命闪玩,['咸旭初'],2.7, 剧情 / 悬疑 / 冒险, 中国大陆, 2013-08-30(中国大陆)
325,633.0,寻找黎明,['Justin Price'],2.5, 科幻 / 恐怖, 美国, 2018-08-16(美国)
326,634.0,笔仙撞碟仙,['摩撒利'],2.4, 惊悚 / 恐怖, 中国大陆, 2016-07-15(中国大陆)
327,635.0,火星归来,['刘谋峰'],2.4, 中国大陆, 汉语普通话, 60分钟
328,636.0,四大美人之貂蝉大战丧尸,['马乐'],2.4, 中国大陆, 汉语普通话, 63分钟
329,637.0,亲，别怕,"['余丹戈', '曹安俊']",2.3, 惊悚, 中国大陆, 2015-07-10(中国大陆)
330,638.0,毕业旅行笑翻天,"['高志森', '张毅', '胡圣亚']",2.3, 剧情 / 喜剧 / 爱情, 中国大陆 / 台湾, 2018-02-01(中国大陆) / 2017-10-20(台湾)
331,639.0,碟仙之毕业照,['陆诗雨'],2.2, 惊悚 / 恐怖, 中国大陆, 2017-06-09(中国大陆)
332,650.0,探灵档案,['彭发'],4.0, 悬疑 / 惊悚, 中国大陆, 2015-10-23(中国大陆)
333,651.0,林中女妖,['Aleksander Nordaas'],4.0, 剧情 / 恐怖 / 奇幻, http, 挪威语
334,652.0,新建文件夹,['황상원'],4.0, 情色, 韩国, 2014-12-18(韩国)
335,653.0,东京无国籍少女,['押井守'],4.0, 剧情, mukokuseki-movie.com, 日语
336,654.0,名妓,['姜贤강현'],4.0, 韩国, 韩语, 94分钟
337,655.0,湘江北去,['陈力'],3.9, 剧情 / 历史 / 战争, 中国大陆, 2011-06-10(中国大陆)
338,656.0,僵尸启示录：救赎,['尼克·里昂'],3.9, 动作 / 恐怖, 美国 / 英国, 2011-10-09(美国)
339,657.0,幸存者,['Casey La Scala'],3.9, 惊悚 / 恐怖, 美国, 2014-09-05(美国)
340,658.0,守株人,['李明明'],3.9, 悬疑 / 惊悚, 中国大陆, 2012-08-23(中国大陆)
341,659.0,角色扮演,['Sang-yeol Baek'],3.9, 爱情 / 惊悚, 韩国, 2012-12-06(韩国)
342,670.0,我是哪吒,['舒展'],3.9, 剧情 / 动画, http, 汉语普通话
343,671.0,冥界,['Patricio Valladares'],3.9, 惊悚 / 恐怖, 美国, 2017-10-20(美国)
344,672.0,巨蛛怪,['迈克·门德兹'],3.9, 喜剧 / 动作 / 科幻, 美国, 2013-10-18(美国)
345,673.0,两个小姨子,['Park-Joo-yeong (박주영)'],3.9, 韩国, 韩语, 70分钟
346,674.0,大梦西游3女儿国奇遇记,['谭俏'],3.9, 剧情 / 喜剧 / 爱情, 中国大陆, 2017-07-23(中国大陆)
347,675.0,真实魔鬼游戏3,['安里麻里'],3.9, 惊悚, 日本, 2012-05-12
348,676.0,伏妖开封府之御猫展昭,['刘轩狄'],3.8, 动作 / 奇幻 / 武侠, 中国大陆, 2018-04-10(中国大陆)
349,677.0,星际之旅：木星计划,['Eric Piccoli'],3.9, 剧情 / 科幻, 加拿大, 2015-02-03
350,678.0,我的野蛮女友2,['马伟豪'],3.8, 喜剧 / 爱情, 中国大陆, 2010-11-05
351,679.0,最萌身高差,['马侃'],3.8, 喜剧 / 爱情, 中国大陆, 2016-11-25(中国大陆)
352,690.0,潜艇总动员：海底两万里,['申宇'],3.7, 动画 / 奇幻 / 冒险, 中国大陆, 2018-06-01(中国大陆)
353,691.0,总裁在上1：初见初念,['李遥波'],3.8, 中国大陆, 汉语普通话, 60分钟
354,692.0,时空偷渡少女,['吴琴'],3.8, 爱情 / 奇幻, 中国大陆, 2018-02-01(中国大陆)
355,693.0,寻龙夺宝,['马里奥·安德鲁西奥'],3.7, 动作 / 家庭 / 奇幻 / 冒险, 澳大利亚, 2011-03-11(中国大陆) / 2011-04(澳大利亚)
356,694.0,青春荷尔蒙,['郭雷'],3.7, 爱情, 中国大陆, 2012-12(中国大陆)
357,695.0,囧人之越挠越痒,['李华彤'],3.7, 剧情 / 喜剧, 中国大陆, 2013-03-14(中国大陆)
358,696.0,不爱不散,"['周君', '叶伟英']",3.7, 喜剧 / 爱情, 中国大陆, 2014-01-10(中国大陆)
359,697.0,超自然事件之坠龙事件,['张涛'],3.7, 动作 / 科幻, 中国大陆, 2017-11-01(中国大陆)
360,698.0,炮火将至,['Eric Zaragoza'],3.7, 动作 / 科幻 / 惊悚, 美国 / 塞尔维亚, 2018-05-04(美国部分上映)
361,699.0,传染,"['Michael Cramer', 'Troy Scoughton Jr.']",3.7, 科幻 / 惊悚 / 恐怖, 美国, 2014(美国)
362,710.0,消音器,['蒂莫西·伍德沃'],3.7, 动作 / 惊悚, 美国, 2018-09-04(美国)
363,711.0,十二夜,['吴仁天'],3.7, 韩国, 韩语, 73分钟
364,712.0,史前巨鳄3,['格里夫·弗斯特'],3.6, 剧情 / 恐怖, 美国, 2010-08-21
365,713.0,林肯大战僵尸,['理查德·沙因克曼'],3.6, 惊悚 / 恐怖, 美国, 2012-05-22
366,714.0,S4侠降魔记,['李克龙'],3.6, 中国大陆, 汉语普通话, 93分钟
367,715.0,妖医,['吴宗强'],3.6, 悬疑 / 惊悚 / 恐怖, 中国大陆 / 泰国, 2016-05-27(中国大陆)
368,716.0,夜幕惊魂,['丁小洋'],3.6, 喜剧 / 惊悚, 中国大陆, 2013-06-09(中国大陆)
369,717.0,异兽来袭,['陈海帆'],3.6, 剧情, 中国大陆, 2017-06-09(中国大陆)
370,718.0,纯纯欲动,['王丹'],3.6, 喜剧 / 爱情, 中国大陆, 2014-08-08(中国大陆)
371,719.0,施工中,['강명진'],3.6,,,
372,730.0,俄罗斯套娃,['Ed Gaffney'],3.6, 剧情 / 惊悚 / 同性, http, 英语
373,731.0,爱爱囧事,['关尔'],3.5, 喜剧 / 爱情, 中国大陆, 2013-08-02(中国大陆)
374,732.0,电锯少女血肉之华,['山口ヒロキ'],3.5, 动作 / 犯罪, www.vap.co.jp/chimamire/, 日语
375,733.0,蒙古死亡蠕虫,['Steven R. Monroe'],3.5, 科幻 / 冒险, 美国, 2010-05-08
376,734.0,画皮师,['田少波'],3.5, 剧情 / 奇幻, 中国大陆, 2018-04-21(中国大陆)
377,735.0,魔卡行动,['姜国民'],3.4, 喜剧 / 动作 / 爱情, 中国大陆, 2015-10-16(中国大陆)
378,736.0,熊猫总动员,"['Greg Manwaring', 'Michael Schoemann']",3.4, 动画 / 家庭 / 儿童, 中国大陆 / 德国 / 法国 / 西班牙 / 比利时, 2011-02-03(中国大陆)
379,737.0,道士出山2：伏魔军团,['张涛'],3.4, 汉语普通话, 2015-06-12, tt4909626
380,738.0,死亡飞车2050,['G.J. Echternkamp'],3.4, 喜剧 / 动作 / 科幻, 美国, 2017-01-17(美国)
381,739.0,大会师,['安澜'],3.4, 历史 / 战争, 中国大陆, 2016-10-26(中国大陆)
382,749.0,启示录：庞贝,['Ben Demaree'],3.4, 英语, 87分钟, tt3384904
383,750.0,复仇者格林,['Jeremy M. Inman'],3.4, 动作 / 科幻 / 冒险, 美国, 2015-04-14
384,751.0,牧野诡事之金豹子,['黄羿'],3.4, 中国大陆, 汉语普通话, 90分钟
385,752.0,占领,['Luke Sparke'],3.4, 动作 / 科幻, http, 英语
386,753.0,等着你回来,['叶永健'],3.3, 恐怖, 香港 / 中国大陆, 2010-07-28(中国大陆)
387,754.0,蔡李佛拳,['程东'],3.3, 动作, 中国大陆 / 香港, 2011-05-10(中国大陆)
388,755.0,七月半之恐怖宿舍,['杜潇傲'],3.3, 悬疑 / 惊悚, 中国大陆, 2015-08-14(中国大陆)
389,756.0,地球防卫遗孀,['河崎实'],3.3, 科幻, 日本, 2014-02-08(日本)
390,757.0,截拳道,"['周振荣', '陈天星']",3.3, 动作, 中国大陆, 2010-11-27
391,758.0,盲少爷的小女仆,['禇会林'],3.3, 爱情, 中国大陆, 2016-08-03(中国大陆)
392,759.0,暗黑灯塔,['Coz Greenop'],3.3, 惊悚 / 恐怖, 英国, 2017-10-13(美国)
393,769.0,吉星高照2015,['晴朗'],3.2, 喜剧, 香港 / 中国大陆 / 台湾, 2015-03-01(中国大陆) / 2015-03-05(香港)
394,770.0,我爱灰太狼,['朱枫'],3.2, 喜剧 / 动画 / 冒险, 中国大陆, 2012-08-10(中国大陆)
395,771.0,玩世英雄,['韩杰'],3.2, 剧情 / 喜剧 / 战争 / 奇幻, 中国大陆, 2018-03-03(中国大陆)
396,772.0,诡新娘,"['王健', '李纪正']",3.2, 悬疑 / 恐怖, 中国大陆, 2016-08-26(中国大陆)
397,773.0,地牢围攻2,['乌维·鲍尔'],3.2, 剧情 / 战争 / 奇幻 / 冒险, 德国 / 加拿大, 2011-11-03
398,774.0,蝉翼,['卫华'],3.2, 剧情 / 爱情, 中国大陆, 2014-01-06
399,775.0,十二星座离奇事件,['盛志民'],3.1, 悬疑 / 惊悚 / 犯罪, 中国大陆, 2012-07-13(中国大陆)
400,777.0,鬼瞳警探,['徐家辉'],3.1, 悬疑 / 犯罪, 中国大陆, 2016-07-19
401,778.0,零下100度,['R.D. BraunsteinH.'],2.9, 动作 / 科幻, 美国, 2013-04-13(美国)
402,779.0,巨蟒大战恐鳄,['Mary Lambert'],2.9, 恐怖 / 冒险, 美国, 2011
403,790.0,生死96小时,['苑本立'],2.9, 剧情 / 战争, 中国大陆, 2016-11-09(中国大陆)
404,791.0,笑林足球,['林子聪'],2.8, 喜剧 / 运动, 中国大陆 / 香港, 2016-11-04(中国大陆)
405,792.0,七月半2：前世今生,['李红建'],2.8, 剧情 / 悬疑 / 惊悚 / 恐怖, 中国大陆, 2016-08-19(中国大陆)
406,793.0,灵瞳,['伍育润'],2.8, 爱情 / 惊悚, 中国大陆, 2014-11
407,794.0,诡八楼,['张力'],2.7, 悬疑 / 惊悚 / 恐怖, 中国大陆, 2014-09-19(中国大陆)
408,795.0,骆驼蜘蛛,['吉姆·温诺斯基'],2.7, 科幻, 美国, 2011
409,796.0,凌晨两点半,['王静儿'],2.7, 悬疑 / 惊悚, 中国大陆, 2018-04-13(中国大陆)
410,797.0,半夜叫你别回头,['陆诗雨'],2.6, 惊悚 / 恐怖, 中国大陆, 2015-10-30(中国大陆)
411,798.0,领袖1935,"['周琦', '马德林']",2.6, 剧情, 中国大陆, 2017-03-28(中国大陆)
412,799.0,夜半哭声,['陆诗雷'],2.6, 惊悚 / 恐怖, 中国大陆, 2016-09-02(中国大陆)
413,809.0,这个大叔不太囧,['胡储玺'],2.5, 喜剧 / 爱情, 中国大陆, 2014-08-22(中国大陆)
414,810.0,玲珑井,['海鹏'],2.5, 悬疑 / 惊悚, 中国大陆, 2018-03-16(中国大陆)
415,811.0,逃离现场,['李嘉华'],2.5, 惊悚 / 犯罪, 中国大陆, 2017-12-12(中国大陆)
416,812.0,恐怖浴室,['陆诗雨'],2.4, 惊悚 / 恐怖, 中国大陆, 2018-06-08(中国大陆)
417,813.0,恐怖电影院2,['陆诗雷'],2.4, 惊悚 / 恐怖, 中国大陆, 2017-10-20(中国大陆)
418,814.0,B区32号,['吕建民'],2.3, 剧情 / 惊悚 / 恐怖, 中国大陆, 2011-06-03(中国大陆)
419,815.0,惊魂绣花鞋,['王俊潾'],2.3, 惊悚 / 恐怖, 中国大陆, 2017-03-03(中国大陆)
420,816.0,爱的帕斯卡,['刘海'],2.3, 剧情, 中国大陆, 2017-12-15(中国大陆) / 2018-03-30(中国大陆重映)
421,817.0,惊魂七夜,['喻彬'],2.3, 惊悚 / 恐怖, 中国大陆, 2017-12-21(中国大陆) / 2016-11-22(爱奇艺)
422,818.0,夜袭寡妇村,['金毅'],2.3,,,
423,819.0,怨灵宿舍之人偶老师,['陆诗雷'],2.2, 惊悚 / 恐怖, 中国大陆, 2017-04-14(中国大陆)
424,830.0,男狐传,['边琦钧'],2.1,,,
425,831.0,回马枪,['李远'],4.0, 喜剧 / 犯罪, 中国大陆, 2011-07-15(中国大陆)
426,832.0,迷魂之密室逃脱,['张帆'],4.0, 悬疑 / 惊悚, 中国大陆, 2013-12-28(中国大陆)
427,833.0,百万爱情宝贝,['磐石'],4.0, 喜剧 / 爱情, 中国大陆, 2013-06-09(中国大陆)
428,834.0,换爱七日,['唐旭'],4.0, 喜剧 / 爱情, 中国大陆, 2014-11-21(中国大陆)
429,835.0,嗜血校园,"['Matt Jespersen, Maclain Nelson']",4.0, 喜剧 / 动作 / 恐怖, 美国, 2011-05-19(洛杉矶喜剧电影节)
430,836.0,落经山,['冯小宁'],4.0, 剧情 / 动作 / 爱情 / 悬疑, 中国大陆, 2013-09-17(中国大陆)
431,837.0,不良女警,['江凯'],4.0, 喜剧 / 动作 / 爱情 / 悬疑 / 犯罪, 中国大陆, 2016-01-31(中国大陆)
432,838.0,SM片场实录,"['Travis Mathews', '詹姆斯·弗兰科 James Franco']",4.0, 剧情 / 同性, http, 英语
433,839.0,我邻居的老婆,['정대만'],4.0, 剧情 / 爱情, 韩国, 2016-07-28(韩国)
434,850.0,忍者传说之高校争霸,['徐仕兴'],4.0, 动作, 中国大陆, 2017-03-22(中国大陆)
435,851.0,一起入魔,['Martin Owen'],4.0, 惊悚, 英国, 2016-10-28(英国)
436,852.0,恶灵弑室,['Peter Dukes'],4.0, 恐怖, 美国, 2017-09-01(俄罗斯)
437,853.0,恐龙宝贝,['汤继业'],4.0, 动画, 中国大陆, 2011-04-29(中国大陆)
438,854.0,自由夫人,[],4.0, 韩语, 2017-04-04(韩国), Madame Freedom
439,855.0,杀手世界杯,['徐子路'],4.0, 喜剧 / 运动, 中国大陆, 2018-07-03(中国大陆)
440,856.0,MT的目的,['금마성'],4.0, 韩国, 韩语, 72分钟
441,857.0,大明锦衣卫2,['薛文华'],4.0,,,
442,858.0,妹之夏,['城定秀夫'],4.0, 日本, 日语, Natsu Left Home
443,859.0,翻转,['Artie Mandelberg'],4.0, 动作, 美国, 2011-09-09
444,870.0,红颜孽,['Amit Saxena'],4.0, 剧情 / 喜剧 / 动作 / 爱情 / 音乐 / 歌舞 / 家庭, 印度 India, 2013-07-26(印度)
445,871.0,十月建造的房屋2,['Bobby Roe'],4.0, 恐怖, 美国, 2017-09-22(美国)
446,872.0,拆散专家,"['李坚', '裘仲维']",3.9, 喜剧 / 爱情, 中国大陆 / 新加坡, 2014-11-07(中国大陆)
447,873.0,僵尸海狸,['Jordan Rubin'],3.9, 喜剧 / 恐怖, 美国, 2014-10-30(德国) / 2015-03-20(美国)
448,874.0,床,['朴哲洙'],3.9, 剧情, 韩国, 2013-01-17
449,875.0,血战墓碑镇2,['罗伊·雷内'],3.9, 动作 / 恐怖 / 西部, 美国, 2017-09-01(美国)
450,876.0,正骨,['詹文冠'],3.9, 剧情 / 历史, 中国大陆, 2013-07-24(中国大陆)
451,877.0,灵异存在,['艾德亚多·桑奇兹'],3.9, 恐怖, 美国, tt1988621
452,878.0,策马,['Charles de Meaux'],3.9, 剧情, 泰国 / 法国, 2011-01-12(法国)
453,879.0,卖春 2016,['李尚宇'],3.9, 韩国, 韩语, 80分钟
454,890.0,继母,['Lee Min-hwan (이민환)'],3.9, 韩国, 韩语, 74分钟
455,891.0,困兽之斗,['贾斯珀·加斯兰特'],3.9, 剧情 / 惊悚 / 犯罪, 美国, 2018-02-23(美国)
456,892.0,焦土作战,['彼得·休伊特'],3.9, 动作 / 科幻, 加拿大 / 美国, 2018-02-02(美国)
457,893.0,禁忌：新的姐姐,['이슬'],3.9, 韩国, 韩语, 78分钟
458,894.0,风云1927,['张玉中'],3.9, 剧情 / 历史, 中国大陆, 2014-05-23(中国大陆)
459,895.0,东北灵异录,['张猛'],3.9, 惊悚, 中国大陆, 2015-06-09(中国大陆)
460,896.0,女演员的性丑闻2,['야마삐'],3.9, 韩国, 韩语, 60分钟
461,897.0,昏神,['约翰尼·马丁'],3.9, 惊悚 / 恐怖, 美国, 2018-01-19(美国)
462,898.0,伦德尔,['Jesse Haaja'],3.9, 动作 / 犯罪 / 奇幻, 芬兰, 2017-09-06(德国奇幻电影艺术节) / 2017-09-22(芬兰)
463,899.0,少女灵异日记,['许斌'],3.8, 惊悚 / 恐怖, 中国大陆, 2013-11-11(中国大陆)
464,910.0,张震讲故事之合租屋,['战越'],3.8, 爱情 / 悬疑 / 惊悚, 中国大陆, 2016-07-08(中国大陆)
465,911.0,终极救援,['史蒂芬·C·米勒'],3.8, 动作 / 惊悚, 美国 / 英国, 2015-12-18(美国)
466,912.0,垫底联盟,['王文'],3.8, 剧情 / 喜剧, 中国大陆, 2017-11-28(中国大陆)
467,913.0,风流韵事 出租车,['Lee Seung Hwan'],3.8, 韩语, 2012-10-31, Delicious Affair
468,914.0,夏日示爱,['陈家霖'],3.8, 喜剧 / 爱情, 中国大陆 / 香港, 2013-08-30(中国大陆)
469,915.0,七公主驾到,['Lee Jae-hoon'],3.8, 韩国, 韩语, 83分钟
470,916.0,欲望故事,['알 수 없는'],3.8, 爱情, 韩国, 2016-09-29(韩国)
471,917.0,死神地窖,['Alastair Orr'],3.8, 美国, 英语 / 西班牙语, 86
472,918.0,肉搏战,['约翰·马洛瑞·亚瑟'],3.8, 喜剧, 美国, 2015
473,919.0,护士也疯狂,['姚雨鑫'],3.8, 喜剧 / 情色, 中国大陆, 2016-04-01
474,930.0,终极匹配,['程珑'],3.7, 爱情, 中国大陆, 2010-05-14(中国大陆)
475,931.0,残梦,['杨紫婷'],3.7, 剧情, 中国大陆, 2012-08-23(中国大陆)
476,932.0,惊魂游戏,['周耀武'],3.7, 悬疑 / 惊悚, 中国大陆, 2012-01-24(中国大陆)
477,933.0,大梦西游2铁扇公主,['谭俏'],3.7, 剧情 / 动作 / 奇幻, 中国大陆, 2017-01-30(中国大陆)
478,934.0,时尚地狱,['継田淳'],3.7, 恐怖, 日本, 2010-12-03(日本)
479,935.0,十全九美之真爱无双,['高飞'],3.7, 喜剧, 中国大陆, 2017-01-28(中国大陆)
480,936.0,欲望之屋：偷窥的欲望,['Jin Dal-rae'],3.7, 韩国, 韩语, 69分钟
481,937.0,史前巨鳄：最终章,['唐·迈克尔·保罗'],3.7, 美国, 英语, 90分钟
482,938.0,芒刺,['陈俊霖'],3.6, 剧情, 中国大陆, 2018-01-16(中国大陆)
483,939.0,我朋友的老婆2,['이도시'],3.7, 韩国, 韩语, 84分钟
484,950.0,外宿：朋友的女人,['柳承泽 Yu Seungtaek'],3.7, 韩国, 韩语, 95分钟
485,951.0,直男正传,['冯磊 Lei Feng'],3.7, 喜剧 / 爱情, 中国大陆, 2016-05-25
486,952.0,机器人战警,['马克·阿特金斯'],3.7, 动作 / 科幻, 美国, 2014-02-04
487,953.0,鬼点灯,['田甜'],3.7, 中国大陆, 汉语普通话, 60分钟
488,954.0,2012: 冰河时期,['Trey Stokes'],3.6, 科幻 / 灾难, 美国, 2011-06-28(美国)
489,955.0,莫陌,['周新旋'],3.6, 剧情, 中国大陆, 2013-01-14
490,956.0,斐济99℃爱情,['陶生'],3.6, 喜剧 / 爱情, 中国大陆, 2014-11-21(中国大陆)
491,957.0,异形前哨,['Jabbar Raisani'],3.6, 动作 / 科幻 / 惊悚, 英国 / 南非, 2014-09-19(越南) / 2015-01-30(网络)
492,958.0,欲望姐姐们,['최우성'],3.6, 韩语, 2016-02-11(韩国), 欲望三姐妹 / 有个妹妹
493,959.0,灵殇,['Yayo Herrero'],3.6, 恐怖, 美国, 2017-09-22(奇幻电影节)
494,970.0,王者归来黄飞鸿,['郭玉龙'],3.6, 喜剧 / 动作, 中国大陆, 2017-11-13(中国大陆)
495,971.0,无法隐藏的本能：偷拍,['Kim Byeong-kwan (김병관)'],3.6, 韩国, 韩语, 95分钟
496,972.0,寄性兽医・铃音之进化,['金田龍'],3.6, 科幻 / 情色, toeiv.jp/suzune/, 日语
497,973.0,何故惹凡尘,['段歌'],3.6, 剧情 / 爱情 / 同性, 中国大陆, 2017-02-16(中国大陆)
498,974.0,19禁：别人的目的,['Lee Se-il'],3.6, 韩语, 2016-08-25(韩国), The Purpose of An X-Rated Encounter
499,975.0,天使驾到之一夜精喜,['吴钦'],3.6, 剧情 / 喜剧 / 爱情, 中国大陆, 2016-03-14
500,976.0,诡镇,['钱人豪'],3.5, 剧情 / 悬疑 / 惊悚, 中国大陆, 2014-01-17(中国大陆)
501,977.0,霹雳囧花,['卓韵芝'],3.5, 剧情 / 喜剧 / 动作, https, 汉语普通话 / 粤语
502,978.0,精武青春,['邱礼涛'],3.5, 喜剧 / 爱情, 香港 / 中国大陆, 2014-12-11(中国大陆) / 2014-12-04(香港)
503,979.0,三只小猪2,['刘炜'],3.4, 动画, 中国大陆, 2017-05-27(中国大陆) / 2018-12-08(中国大陆重映)
504,990.0,地心的纳粹,['Joseph J. Lawson'],3.5, 惊悚 / 恐怖, 美国, tt2130142
505,991.0,冰川鲨鱼,['Emile Edwin Smith'],3.5, 动作 / 惊悚 / 冒险 / 灾难, 美国, 2016-07-26
506,992.0,死亡之舞,['安德烈·沃金'],3.5, 剧情 / 动作 / 科幻, 俄国 Russia, 2017-04-06(俄罗斯)
507,993.0,睡美人,['卡斯帕·凡·迪恩'],3.5, 奇幻 / 冒险, 美国, 2014
508,994.0,2016年中央电视台元宵晚会,['吕逸涛'],3.5, 中国大陆, 汉语普通话, 109分钟
509,995.0,午夜微博,['邓科'],3.4, 悬疑 / 惊悚 / 恐怖, 中国大陆, 2013-03-01(中国大陆)
510,997.0,青春期4,['管晓杰'],3.4, 剧情 / 喜剧 / 爱情, 中国大陆, 90分钟
511,998.0,神马都是浮云,['陶盟喜'],3.4, 喜剧, 中国大陆 / 香港, 2012-03-30(中国大陆)
512,999.0,海豹突击队大战僵尸,['斯坦森·布莱特'],3.4, 动作 / 恐怖, 美国, 2015-10-08(美国)
513,1010.0,十万伙急,['康晋荣'],3.4, 喜剧 / 悬疑, 台湾, 2015-04-17(中国大陆) / 2015-01-16(台湾)
514,1011.0,拼时代,['郑勇刚'],3.4, 剧情 / 喜剧, 中国大陆, 2014-01-20
515,1012.0,我们的青春不怕疼,['吴东珉'],3.4, 爱情, 中国大陆, 2017-01-06(中国大陆)
516,1013.0,花样女鬼,['Choi Yeong-min (최영민)'],3.4, 情色, 韩国, 2015-01-15(韩国)
517,1014.0,骇故事之恐怖殡仪馆,['皮查农·塔玛杰拉'],3.4, 剧情 / 悬疑 / 恐怖, 中国大陆, 2016-12-08(中国大陆)
518,1015.0,山路惊魂,['艾瑞克·英格兰德'],3.4, 剧情 / 悬疑 / 恐怖, 美国, 90分钟
519,1016.0,男颜之瘾,['元子'],3.4, 剧情 / 爱情 / 同性, 中国大陆, 2016-07-29(中国大陆)
520,1017.0,赛尔号大电影之寻找凤凰神兽,['刘虹'],3.3, 动画 / 奇幻 / 冒险, http, 汉语普通话
521,1018.0,诱狼,['安澜'],3.3, 剧情 / 战争, 中国大陆, 2015-09-24(中国大陆)
522,1019.0,异种,['过华'],3.3, 悬疑 / 惊悚 / 恐怖, 中国大陆, 2015-06-05(中国大陆)
523,1030.0,1303大厦,['Michael Taverna'],3.3, 恐怖, 美国, 2013-07-25(美国)
524,1031.0,大宋绯闻录,['范向南'],3.3, 喜剧, 中国大陆, 2017-01-06(中国大陆)
525,1032.0,潜藏海底的生物,['Stewart Sparke'],3.3, 科幻 / 恐怖, 美国, 2016-08-27(英国)
526,1033.0,泡妞秘籍,['王子'],3.3, 喜剧 / 爱情, 中国大陆, 2015-11-11
527,1034.0,女法医手记之最后真相,['贾杰'],3.3, 剧情 / 悬疑, 中国大陆, 2017-02-28(中国大陆)
528,1035.0,粉红女郎之爱人快跑,['伍宗德'],3.2, 喜剧 / 爱情, 中国大陆, 2013-08-23(中国大陆)
529,1036.0,神探·李奥,['周杰伦'],3.2, 台湾, 汉语普通话, 90分钟
530,1037.0,鬼接,['李铉哲'],3.2, 韩国, 韩语, 84分钟
531,1038.0,黄金福将,['王伟'],3.2, 喜剧, 中国大陆, 2015-01-23(中国大陆)
532,1039.0,钻井生物,['Peter Atencio'],3.2, 动作 / 科幻 / 恐怖, 美国, 2010
533,1050.0,失心者,['陈蔚尔'],3.2, 惊悚, 中国大陆, 2016-12-23(中国大陆)
534,1051.0,孤岛,"['廉涛', '王琨皓']",3.2, 悬疑 / 惊悚, 中国大陆, 2014-10-31(中国大陆)
535,1052.0,国宝疑云,['车径行'],3.2, 动作 / 爱情 / 悬疑, 中国大陆, 2014-04-18(中国大陆)
536,1053.0,韩子高,['李锦伦'],3.2, 爱情 / 同性 / 古装, 中国大陆, 2016-07-02(中国大陆)
537,1054.0,丧尸屠城,['戴金垸'],3.2, 中国大陆, 汉语普通话, 67分钟
538,1055.0,黄真伊,['황상원'],3.2, 情色, 韩国, 2015-12-10(韩国)
539,1056.0,再见美人鱼,['高伟伦'],3.2, 爱情 / 奇幻, 中国大陆, 2016-02-27(中国大陆)
540,1057.0,地狱自拍,['Erdal Ceylan'],3.2, 悬疑 / 恐怖, 加拿大 / 德国, 2018-01-19(英国)
541,1058.0,超级风暴,['Daniel Lusko'],3.2, 动作, 美国, tt2518848
542,1059.0,炽热的欲望,['백두산'],3.3, 剧情 / 情色, 韩国, 2013-07-23(韩国)
543,1070.0,传染,['Jason Wright'],3.2, 恐怖, 美国, tt3707500
544,1071.0,功夫机器侠,['张险峰'],3.1, 动作 / 科幻, 中国大陆, 2017-02-01(中国大陆)
545,1072.0,功夫战斗机,"['蒋国权', '陈天星']",3.1, 剧情 / 动作, 中国大陆, 2013-11-15(中国大陆)
546,1073.0,步步追魂,['江澄'],3.1, 悬疑 / 惊悚, 中国大陆, 2013-11-15(中国大陆)
547,1074.0,超级食人鱼,['Eric Forsberg'],3.1, 恐怖, 美国, 2010
548,1075.0,章鲨,['德克兰·奥布莱恩'],3.1, 科幻 / 恐怖, 美国, 2010-09-25
549,1076.0,东方中国梦,['杨真'],3.1, 剧情, 中国大陆, 2013-06-27(中国大陆)
550,1077.0,暴走狂花,['毛溦'],3.1, 喜剧 / 动作 / 悬疑, 中国大陆, 2018-06-01(中国大陆)
551,1078.0,生化药尸,['梁嘉铭'],3.1, 喜剧 / 动作 / 惊悚, 中国大陆, 2017-07-31(中国大陆)
552,1079.0,性的研究,['Lee Jun (이전)'],3.1, 剧情 / 情色, 韩国, 2015-11-03(韩国)
553,1090.0,死灵法师,['A. Todd Smith'],3.1, 动作 / 奇幻 / 冒险, https, 英语
554,1091.0,史前怪兽,['埃里克·斯泰尔斯'],3.0, 动作 / 惊悚 / 冒险, 英国 / 中国大陆, 2014-01-01(中国大陆) / 2013-05-17(戛纳电影节)
555,1092.0,碟仙诡谭,['王熠'],3.0, 惊悚, 中国大陆, 2014-08-08(中国大陆)
556,1093.0,江湖有道,['林超荣'],3.0, 剧情 / 喜剧 / 动作 / 犯罪, 香港, 2018-06-15(中国大陆) / 2016-09-01(香港)
557,1094.0,泰坦尼克号2,['Shane Van Dyke'],3.0, 动作 / 冒险, 美国, 2010-08-24
558,1095.0,桃花侠大战菊花怪,['关旭'],3.0, 喜剧 / 爱情, 中国大陆, 2014-12-31(中国大陆)
559,1096.0,格林白雪公主,['Rachel Goldenberg'],3.0, 奇幻 / 冒险, 美国, 2012-03-13(美国)
560,1097.0,死亡游戏,['麦子'],3.0, 惊悚 / 恐怖, 中国大陆, 2016-06-03(中国大陆)
561,1098.0,奇葩追梦,['陈健'],3.0, 剧情 / 喜剧 / 爱情, 中国大陆, 2016-09-09(中国大陆)
562,1099.0,功夫机器侠之北腿,"['张险峰', 'Director X.']",3.0, 动作 / 科幻, 中国大陆, 2017-08-21(中国大陆)
563,1110.0,南部僵尸来袭,['Mark Newton'],3.0, https, 美国, 2017-02-17(美国)
564,1111.0,三体之灵魂危机,['陈雷'],3.0,,,
565,1112.0,X关系,['童小辉'],3.0,,,
566,1113.0,一路夜蒲,['桌子'],3.0, 爱情, 中国大陆, 2016-11-03
567,1114.0,孤岛鲨魂,['Christopher Ray'],3.0, 动作 / 科幻 / 恐怖, 美国, 2012-08-04(美国)
568,1115.0,女女女,['Han Seung-rim'],3.0, 喜剧, 韩国, 2014-04-10(韩国)
569,1116.0,人鱼校花,"['叶茗', '林云翔']",2.9, 喜剧 / 爱情 / 奇幻, 中国大陆, 2016-12-31(中国大陆)
570,1117.0,小阴谋大爱情,['薛芳民'],2.9, 剧情 / 爱情 / 悬疑, 中国大陆, 2017-03-14(中国大陆)
571,1118.0,毒鲨,['Cole Sharpe'],2.9, 剧情 / 惊悚 / 恐怖 / 冒险, 美国, 2017-08-03(美国)
572,1119.0,上位2,['管晓杰'],2.9, 剧情 / 喜剧, 中国大陆, 2018-02-18(中国大陆)
573,1130.0,性爱不眠夜,['Lee Soong-hwan (이숭환)'],2.9, 韩国, 韩语, 71分钟
574,1131.0,特洛伊奥德赛,['Tekin Girgin'],2.9, 动作 / 奇幻 / 冒险, 美国, 2017-10-15(美国)
575,1132.0,孤狼,['Christopher Jacobs'],2.9, 动作 / 科幻, 美国, 2016-12-13(美国)
576,1133.0,青春真好,['孟艳'],2.9, 剧情, 中国大陆, 2014-06-14(上海国际电影节)
577,1134.0,分手达人,['张自立'],2.8, 喜剧 / 爱情, 中国大陆, 2014-06-06(中国大陆)
578,1135.0,模特魅影,['佟秀玄'],2.8, 剧情 / 悬疑 / 惊悚, 中国大陆, 2013-07-26(中国大陆)
579,1136.0,聊斋新编之画皮新娘,['摩撒利'],2.8, 惊悚 / 恐怖, 中国大陆, 2016-11-11(中国大陆)
580,1137.0,夺命三头鲨,['Christopher Ray'],2.8, 动作 / 科幻 / 恐怖, 美国, 2015-07-20(美国)
581,1138.0,恐怖笔记,['闵晋涛'],2.8, 悬疑 / 恐怖, 中国大陆, 2016-11-04(中国大陆)
582,1139.0,撞邪31号,['李克龙'],2.8, 惊悚 / 恐怖, 中国大陆, 2017-06-30(中国大陆)
583,1150.0,蛇鱼怪,['吉姆·温诺斯基'],2.8, 科幻 / 恐怖, 美国, 2012-06-16(美国)
584,1151.0,天师归来,['刘观伟'],2.8, 中国大陆, 汉语普通话, 90分钟
585,1152.0,空气,['Nick Royer'],2.8, 剧情 / 科幻 / 冒险, 美国, 2014-06-05(美国)
586,1153.0,强奸无罪,['Bill Zebub'],2.8, 剧情 / 惊悚 / 恐怖, 美国, 2010-10-19(美国)
587,1154.0,罗米娜,['Diego Cohen'],2.8, 惊悚 / 恐怖, 墨西哥, 2018-07-13(墨西哥网络)
588,1155.0,鬼局之猛鬼大厦,['秦教授'],2.8,,,
589,1156.0,堵车,['阿年'],2.7, 中国大陆, 汉语普通话, 87分钟
590,1157.0,地域无门,['吴耀权'],2.7, 悬疑 / 惊悚 / 犯罪, 中国大陆, 2012-05-16(中国大陆)
591,1158.0,笔仙诡影,"['高育新', '刘峰']",2.7, 悬疑 / 惊悚, 中国大陆, 2016-05-13(中国大陆)
592,1159.0,一夜成名,['石磊'],2.7, 剧情 / 喜剧 / 音乐, 中国大陆, 2012-04-13(中国大陆)
593,1170.0,我们毕业啦,"['程中豪', '王凯']",2.7, 喜剧 / 爱情, 中国大陆, 2016-06-10(中国大陆)
594,1171.0,虐面人之死灵面膜,['吴国勇'],2.7, 爱情 / 悬疑 / 惊悚, 中国大陆, 2014-06-20(中国大陆)
595,1172.0,诡娃娃,['刘崇崇'],2.7, 惊悚 / 恐怖, 中国大陆, 2015-12-18(中国大陆)
596,1173.0,坏爸爸,['兰城序'],2.7, 剧情, 中国大陆, 2018-02-02(中国大陆)
597,1174.0,狼兵吼,['张新武'],2.7, 动作 / 战争, 中国大陆, 2016-08-03(中国大陆)
598,1175.0,请勿靠近,['张显'],2.7, 悬疑 / 惊悚, 中国大陆, 2017-09-22(中国大陆)
599,1176.0,深海X异种,['朱江'],2.7, 悬疑 / 惊悚 / 恐怖, 中国大陆, 2016-08-04
600,1177.0,异形大战阿凡达,['Lewis Schoenbrun'],2.6, 科幻, 美国, 2011-09-20
601,1178.0,无间罪：僵尸重生,['夏咏'],2.6, 惊悚 / 恐怖, 中国大陆, 2012-11-23(中国大陆)
602,1179.0,侏罗纪进攻,['Anthony Fankhauser'],2.6, 科幻 / 恐怖, 美国, 2013-05-11(美国)
603,1190.0,泡菜爱上小龙虾,['虞军豪'],2.6, 喜剧 / 奇幻, 中国大陆, 2018-06-15(中国大陆)
604,1191.0,荒野加油站,['赵崼'],2.6, 悬疑 / 恐怖, 中国大陆, 2017-08-04(中国大陆)
605,1192.0,侏罗纪城,['Sean Cain'],2.6, 科幻, 美国, Jurassic Lockdown / Jurassic Block
606,1193.0,寻觅之境,['Grant Humphreys'],2.6, 科幻, http, 英语
607,1194.0,2016@春晚,[],2.6,,,
608,1195.0,床下有人3,['尚永峰'],2.5, 惊悚 / 恐怖, 中国大陆, 2016-03-11(中国大陆)
609,1196.0,死亡笔记,['姜军'],2.5, 悬疑 / 惊悚 / 恐怖, 中国大陆, 2016-05-20(中国大陆)
610,1197.0,陌路惊笑,['三木单丹'],2.5, 喜剧 / 惊悚, 中国大陆, 2015-04-17(中国大陆)
611,1198.0,巨鳄战狂蟒,['A.B. Stone'],2.5, 动作 / 恐怖, 美国, 2015-04-25(美国)
612,1199.0,家有虎妻,['柳珂'],2.5, 喜剧 / 爱情, 中国大陆, 2015-10-10(中国大陆)
613,1210.0,恐怖游轮2016,['江城'],2.5,,,
614,1211.0,深宫怨灵,['司徒永华'],2.4, 悬疑 / 惊悚, 中国大陆 / 美国 / 英国, 2017-11-17(中国大陆) / 2013-07-20(富川奇幻电影节)
615,1212.0,功夫四侠,"['刘邦邦', '孙友树']",2.4, 喜剧 / 动画 / 儿童 / 奇幻 / 冒险, 中国大陆, 2016-12-17(中国大陆)
616,1213.0,七月半3：灵触第七感,['王良'],2.4, 中国大陆, 汉语普通话, 83分钟
617,1214.0,诡井,['常杨'],2.4, 惊悚 / 恐怖, 中国大陆, 2017-08-04(中国大陆)
618,1215.0,西游记归来,['申东烨'],2.3, 喜剧 / 动作 / 冒险, 韩国, 2011-02-17(韩国)
619,1216.0,通灵姐妹,['摩撒利'],2.3, 惊悚 / 恐怖, 中国大陆, 2017-03-17(中国大陆)
620,1217.0,不死之身,['邵传勇'],2.3, 剧情 / 爱情 / 奇幻, 中国大陆, 2016-06-28
621,1218.0,西游外传之大圣娶亲,['任德勇'],2.3,,,
622,1219.0,疯狂玩具城,['黄浩'],2.3, 动画, 中国大陆, 2016-04-29(中国大陆)
623,1230.0,世博总动员,['刘大刀'],2.2, 汉语普通话, 2010-08-20, tt1720267
624,1231.0,怨灵宿舍之白纸女生,['陆诗雷'],2.2, 惊悚, 中国大陆, 2017-04-01(中国大陆)
625,1232.0,三个未婚妈妈,['江平'],4.0, 剧情, 中国大陆, 2012-10-26(中国大陆)
626,1233.0,北回归线,"['郭爽', '冯媛']",4.0, 喜剧 / 爱情, 中国大陆, 2014-10-17(中国大陆)
627,1234.0,平壤之约,"['西尔扎提·亚合甫', '金贤哲']",4.0, 剧情, 中国大陆 / 朝鲜, 2012-08-03(中国大陆)
628,1235.0,邪恶,['Peter Winther'],4.0, 动作 / 惊悚 / 恐怖 / 鬼怪, 美国, 2013-04-30
629,1236.0,24号储藏室,['约翰内斯·罗伯茨'],4.0, 科幻 / 恐怖, 英国, 2012-06-29(英国)
630,1237.0,斯通的活死人之战,['Marko Mäkilaakso'],4.0, 美国 / Lithuania / 意大利, 英语, Stone's War
631,1238.0,黑暗,['克瑞格·麦克林恩'],4.0, 惊悚 / 恐怖, 美国, 2016-05-13(美国)
632,1239.0,僵尸日记2,"['Michael Bartlett', 'Kevin Gates']",4.0, 动作 / 恐怖, http, 英语
633,1250.0,大圣伏妖,['罗乐'],4.0, 动作 / 奇幻 / 古装, 中国大陆, 2018-05-25(中国大陆)
634,1251.0,总有刁民想害朕,['源水'],4.0, 喜剧 / 古装, 中国大陆, 2017-01-13(中国大陆)
635,1252.0,侠捕,"['马中轩', '吴樾']",4.0, 剧情 / 动作, 中国大陆, 84分钟
636,1253.0,色欲之死2,['友松直之'],4.0, 恐怖, 日本, 2013-03-23(日本)
637,1254.0,灰姑娘游戏,['加納隼'],4.0, 剧情 / 悬疑, http, 日语
638,1255.0,青天降妖录,['李国沅'],4.0, 战争 / 奇幻 / 古装, 中国大陆, 2017-11-10(中国大陆)
639,1256.0,隐私保险箱,['张杰勇'],4.0, 悬疑, 中国大陆, 85分钟
640,1257.0,夜狼,['Jonathan Glendening'],4.0, 恐怖, 英国, tt2112213
641,1258.0,唤醒杀手,['Jonathan Wright'],4.0, 惊悚, 加拿大 Canada, 100分钟
642,1259.0,最完美的女孩,['金沛辰'],4.0, 悬疑 / 惊悚, 台湾, 2017-04-28(台湾)
643,1270.0,戒色师,['谢文君'],4.0, 剧情 / 喜剧, 中国大陆, 2017-04-14(中国大陆)
644,1271.0,小红帽：狼人猎手,['Sheldon Wilson'],4.0, 惊悚, 美国, 2010
645,1272.0,辛巴达历险记2,"['顾培欣', 'Benpineko']",4.0, 喜剧 / 动画 / 冒险, 中国大陆, 2014-05-30(中国大陆)
646,1273.0,失控,['丁小明'],4.0, 悬疑 / 犯罪, 中国大陆, 2011-01-07(中国大陆)
647,1274.0,花心大坏蛋,['伊南'],4.0, 剧情 / 爱情, 韩国, 2015-01-29(韩国)
648,1275.0,暴虫!,['Michael Peterson'],4.0, 喜剧 / 恐怖, 美国, 2015
649,1276.0,狼群,['Nick Robertson'],4.0, 惊悚 / 恐怖, 澳大利亚, 2015-08-05(德国)
650,1277.0,盲眼杀机,['路易·曼迪勒'],4.0, 悬疑 / 惊悚, 美国, 2017-01-01(美国部分上映)
651,1278.0,年轻的妻子,['화니'],4.0, 韩国, 韩语, 85分钟
652,1279.0,镭射小队2,"['Daniel Fabelo, Matt Hullum']",4.0, 科幻, 美国, 2017-11-13(美国)
653,1290.0,沈厅野史,['강명진'],4.0, 韩国, 韩语, 94分钟
654,1291.0,青春搏击,"['陈星海', '王俊']",4.0, 中国大陆, 汉语普通话, 90分钟
655,1292.0,所有女人都是骗子,['宝来忠昭'],4.0, 剧情, http, 日语
656,1293.0,黑暗复仇,['Wayne Rose'],4.0,,,
657,1294.0,鸡巴兔杀手,['Joonas Makkonen'],4.0,,,
658,1295.0,我想结婚的时候你在哪,['车径行'],3.9, 喜剧 / 爱情, 中国大陆, 2014-08-01(中国大陆)
659,1296.0,对不起，我爱你,['杨子'],3.9, 爱情, 中国大陆 / 加拿大, 2014-01-03(中国大陆)
660,1298.0,普罗旺斯惊魂记,"['朱利安·拉孔布', '帕斯卡尔·西德']",3.9, 剧情 / 悬疑 / 惊悚 / 恐怖, 法国, 2012-10-30(中国大陆) / 2011-07-06(法国)
661,1299.0,爱谁谁,['森岛'],3.9, 爱情, 中国大陆, 2012-11-09(中国大陆)
662,1310.0,一夜情深,['崔炎龙'],3.9, 剧情 / 爱情 / 情色, 中国大陆, 61分钟
663,1311.0,漂洋过海来爱你,['童江南'],3.9, 剧情, 中国大陆, 2017-06-12(中国大陆) / 2016-10-26(东京电影节)
664,1312.0,我要复仇,['室賀厚'],3.9, 剧情 / 动作 / 惊悚, 日本, 2016-03-05(日本)
665,1313.0,杀出僵尸镇,['Christopher Roosevelt'],3.9, 恐怖, 美国, 2013-07-30(美国)
666,1314.0,奥拉星：进击圣殿,['钟智行'],3.9, 动画 / 儿童 / 奇幻 / 冒险, 中国大陆, 2015-07-23(中国大陆)
667,1315.0,美味的陷阱,[],3.9, 韩语, 2015-09-30(韩国), 甜蜜绯闻陷阱 / A Tasty Trap
668,1316.0,高空,['Alex Merkin'],3.9, 动作 / 惊悚, 美国, 2017-04-14(美国)
669,1317.0,安娜丽丝：驱魔录像带,['Jude Gerard Prest'],3.9, 美国, 2011-03-01, 驱魔人
670,1318.0,好女孩,['경석호'],3.9, 韩国, 韩语, 95分钟
671,1319.0,五年模拟 三年高考,['王达'],3.9, 剧情 / 奇幻, 中国大陆, 2017-07-27(中国大陆)
672,1330.0,罗格河,['Jourdan McClure'],3.9, 惊悚 / 恐怖, www.roguerivermovie.com/, 英语
673,1331.0,杀手离沫,['冯宝宁'],3.9, 剧情 / 动作 / 悬疑 / 犯罪, 中国大陆, 2017-01-17(中国大陆)
674,1332.0,电竞高校,['六娃'],3.9, 剧情 / 运动, 中国大陆, 61分钟
675,1333.0,爱裸武战队,['カワノゴウシ'],3.9, 喜剧 / 动作 / 爱情 / 科幻, 日本, 75分钟
676,1334.0,三个绑匪七条心,['文濤'],3.9, 喜剧 / 犯罪, 香港, 2018-01-18(香港)
677,1335.0,大学生的女仆初体验,['金田敬'],3.9, 日本, 日语, 62分钟
678,1336.0,钢铁少女,['長嶺正俊'],3.9, 科幻, 日本, 2012-07-21
679,1337.0,群鸟：震惊和恐怖,['詹姆斯·阮'],3.9, 爱情 / 惊悚, 美国, 2010-02-27(美国)
680,1338.0,爱情戏,['KIM Doo Heon'],3.9, 韩语, 2013-10-03, Love Scene
681,1339.0,肉体的采访,[],3.9, 韩国, 韩语, 83分钟
682,1350.0,刽子手,['Giorgio Serafini'],4.0, 惊悚 / 恐怖, 美国, 2017-10-31(美国)
683,1351.0,人口交易,['Ara Paiaya'],3.9, 剧情 / 动作 / 犯罪, 英国, 2015-07-06(英国) / 2016-11-29(美国)
684,1352.0,惊天追逐,['Brian Trenchard-Smith'],3.9, 喜剧 / 动作 / 犯罪, 加拿大, 2014-10-03(美国)
685,1353.0,过剩肉体,['Patrick Kennelly'],3.9, 喜剧 / 爱情 / 恐怖, 美国, tt3468698
686,1354.0,她她他,['杨若昀'],3.9,,,
687,1355.0,怨灵,['佟亦坚'],3.8, 惊悚 / 恐怖, 中国大陆 / 韩国, 2014-11-13(中国大陆) / 2015-08-06(韩国)
688,1356.0,乌龙戏凤2012,['罗安得'],3.8, 喜剧, 台湾, 2012-02-22(中国大陆) / 2012-01-27(台湾)
689,1357.0,凄灵室,['刘殊巧'],3.8, 剧情 / 爱情 / 悬疑 / 惊悚, 中国大陆, 2016-12-09(中国大陆)
690,1358.0,陆战特攻,['Christopher Hatton'],3.8, 动作 / 科幻 / 冒险, 美国, 2013-07-12(德国)
691,1359.0,一杆进洞,['Drew Ann Rosenberg'],3.8, 美国, 英语, 100分钟
692,1370.0,第4防御区,['奥利维·古纳'],3.8, 动作 / 战争, 美国, 第四区
693,1371.0,送信者,['汉尼·阿布-阿萨德'],3.8, 动作 / 惊悚 / 犯罪, 美国, 2011
694,1372.0,头颅游戏,['Steven Judd'],3.8, 美国, 英语, 92分钟
695,1373.0,大明锦衣卫,['薛文华'],3.8, 爱情 / 武侠 / 古装, 中国大陆, 2016-09-17(中国大陆)
696,1374.0,灭绝,['Juan Carlos Vargas'],3.8, 美国, 英语, 88分钟
697,1375.0,曼陀罗,['Tripp Reed'],3.8, 美国, 英语, 89分钟
698,1376.0,迷失法兰克福,['George Dare'],3.8, 剧情 / 同性, 德国, 90分钟
699,1377.0,你是我的吸血鬼,['LEE Wonhoi'],3.8, 韩国, 韩语, 99分钟
700,1378.0,颤栗汪洋3,['Gerald Rascionato'],3.8, 恐怖, 澳大利亚, 2017-08-18(土耳其)
701,1379.0,娘王游戏,['山内大輔'],3.8, 剧情, www.wowow.co.jp/pg_info/detail/106504/index.php?m=01, 日语
702,1390.0,身体轮廓的秘密,['마의성'],3.8, 韩国, 韩语, 98分钟
703,1391.0,禁止的爱：情深深,['今冈信治'],3.8, 韩国, 韩语, 89分钟
704,1392.0,家庭旅馆,['Michael Baumgarten'],3.8, 爱情, 美国, 2012-06-18(英国)
705,1393.0,亵渎,['Rob Garcia'],3.8, 惊悚, 美国, 2015-01-06(美国)
706,1394.0,兄弟的女人,['森冈利行'],3.8, 韩国, 韩语, 86分钟
707,1395.0,彪哥闯奉天之做梦没想到,['崔俊杰'],3.8, 剧情 / 喜剧 / 战争, 中国大陆, 2018-04-05(中国大陆)
708,1396.0,摇摇欲坠,['托德·维罗'],3.8, 剧情 / 爱情 / 悬疑 / 同性, 美国, 2013-10-15(美国)
709,1397.0,大漠孤侠,['麦田'],3.8, 古装, 中国大陆, 2017-04-05(中国大陆)
710,1398.0,我的晋升技巧,[],3.8,,,
711,1399.0,人妻阳菜,['能登秀美'],3.8, 日本, 日语, 已婚的卡车司机希娜 / Married Trucker Hina / 已婚卡车司机雏 / 结婚的卡车司机希娜
712,1410.0,安静时刻,['Stéphanie Joalland'],3.8, 科幻 / 惊悚, 英国, 85分钟
713,1411.0,女儿的朋友2,['계장혁'],3.8, 韩国, 韩语, 94分钟
714,1412.0,狼的召唤,['R.D. Womack II'],3.8, 剧情 / 惊悚, 美国, 2017-02-07
715,1413.0,人工智能：伏羲觉醒,['郑小岳'],3.8, 科幻, juexing.163.com, 汉语普通话
716,1414.0,未知病毒,['Ryan Stevens Harris'],3.8, 科幻 / 恐怖, 美国, H1N1
717,1415.0,恶兔要你命2,['Carl Lindbergh'],3.7, 恐怖, 美国, 2012-10-25
718,1416.0,地下怪兽,['朱利安·希金斯'],3.8, 动作 / 惊悚 / 恐怖, 美国, 2010
719,1417.0,坎卜斯：清算,['Robert Conway'],3.8, 恐怖, 美国, 2015
720,1418.0,惊恐地,['Tara Subkoff'],3.8, 惊悚, 美国, 101分钟
721,1419.0,西域大都护,['李小龙'],3.8,,,
722,1430.0,小小飞虎队,['钱晓鸿'],3.7, 喜剧 / 动作 / 儿童 / 战争, 中国大陆, 2013-01-25(中国大陆)
723,1431.0,猪猪侠之勇闯巨人岛,"['古志斌', '陆锦明']",3.7, 喜剧 / 动画 / 冒险, 中国大陆, 2014-05-31(中国大陆)
724,1432.0,超萌英雄,['欧阳奋强'],3.7, 喜剧 / 爱情 / 冒险, 中国大陆, 2014-07-04(中国大陆)
725,1433.0,花咒,['李克龙'],3.7, 爱情 / 惊悚 / 恐怖, 中国大陆, 2014-12-12(中国大陆)
726,1434.0,寄宿公寓,['Kyeong Seok-ho (경석호)'],3.7, 剧情, 韩国, 2015-02-25(韩国)
727,1435.0,吸血莱恩3：第三帝国,['Uwe Boll'],3.7, 喜剧 / 动作 / 恐怖 / 奇幻 / 冒险, 美国 / 加拿大 / 德国, 2010
728,1436.0,异形大战忍者,['千葉誠治'],3.7, 喜剧 / 动作 / 科幻, 日本, 2011-07-23(日本)
729,1437.0,红髅,['李明'],3.7, 悬疑 / 惊悚, 中国大陆, 2015-08-06(中国大陆)
730,1438.0,鬼庙,['迈克尔·巴雷特'],3.7, 恐怖, 美国 / 日本, 2017-09-01(美国)
731,1439.0,神兽金刚之青龙再现,"['朱晓兵', '黄贻青']",3.7, 动画 / 奇幻 / 冒险, 中国大陆, 2016-09-15(中国大陆)
732,1450.0,美味速递,['기대호'],3.7, 韩国, 韩语, 84分钟
733,1451.0,生生活活,['朴哲洙'],3.7, 剧情 / 喜剧, 韩国, 2013-03-21(韩国)
734,1452.0,一家大晒,['李思捷'],3.7, 喜剧 / 家庭, 香港, 2018-02-01(香港)
735,1453.0,笑嗷喜剧人,"['吴双', '小沈龙']",3.7, 剧情 / 喜剧 / 爱情, 中国大陆, 2017-11-04(中国大陆)
736,1454.0,去地狱的派对巴士,['罗尔夫·坎尼斯基'],3.7, 恐怖, 美国, 2017-10-30(拉斯维加斯首映) / 2018-04-13(美国网络)
737,1455.0,蓝,['高波'],3.7, 喜剧 / 爱情 / 同性 / 灾难, 中国大陆, 2012
738,1456.0,闯堂兔2疯狂马戏团,['曾宪林'],3.7, 喜剧 / 动画 / 儿童 / 冒险, 中国大陆, 2015-01-01(中国大陆)
739,1457.0,死亡迷局,['鲁坚'],3.7, 剧情 / 悬疑 / 惊悚, 中国大陆, 2012-03-23(中国大陆)
740,1458.0,大传说,['Justin Lee'],3.7, 动作 / 惊悚, 美国, 2018-07-03(美国)
741,1459.0,妈妈的女儿,['강백호'],3.7, 韩国, 韩语, 75
742,1470.0,令伯特烦恼,['郑建国'],3.7, 喜剧, 马来西亚, 2017-03-23(马来西亚)
743,1471.0,美女狩猎,['江面貴亮'],3.7, 剧情, 日本, 2011-08-03(日本)
744,1472.0,终极劫钞,['David Tittone'],3.7, 剧情 / 动作 / 犯罪, http, 英语
745,1473.0,精灵保姆,['Joel Novoa'],3.7, 科幻 / 惊悚 / 恐怖, 美国, 80分钟
746,1474.0,先锋之那时青春,['王涛涛'],3.7, 剧情 / 历史 / 战争, 中国大陆, 2016-12-12(中国大陆)
747,1475.0,暮夜传说,['朱江'],3.7, 爱情 / 科幻 / 悬疑 / 同性 / 奇幻, 中国大陆, 2016-10-18
748,1476.0,近郊奸情,['大卫·温宁'],3.7, 惊悚, 加拿大, 2017-02-25(美国)
749,1477.0,睡美人,['Dean McKendrick'],3.7, 美国, 英语, tt6568188
750,1478.0,血湖,['James Cullen Bressack'],3.7,,,
751,1479.0,哈瓦苏湖的风流之旅,['Jeff Janke'],3.7, 喜剧, 美国, 2017-03-07(美国)
752,1490.0,原始性犯,['苏八锡'],3.7, 韩国, 韩语, 75
753,1491.0,宅男总动员,['杨子'],3.6, 喜剧 / 爱情, 中国大陆, 2011-04-01(中国大陆)
754,1492.0,大人物,['谭华'],3.6, 喜剧, 中国大陆, 2011-03-11(中国大陆)
755,1493.0,光的棍,['刘存明'],3.6, 喜剧 / 爱情, 中国大陆, 2013-11-08(中国大陆)
756,1494.0,追踪章鱼保罗,"['小江', '李凯', '张扬']",3.6, 剧情 / 惊悚, 中国大陆, 2010-11-26(中国大陆)
757,1495.0,北纬31°录像带,['阿甘'],3.6, 汉语普通话, 2010-06-11, 北纬31度的录像带
758,1496.0,好朋友们,['Jin Hyeong-tae'],3.6, www.goodfriend2013.kr, 韩国, 2013-03-28(韩国)
759,1497.0,一家老小向前冲,['李平'],3.6, 剧情 / 喜剧, 中国大陆, 2016-01-22(中国大陆)
760,1498.0,借眼,['张洋'],3.6, 悬疑 / 惊悚 / 犯罪, 中国大陆, 2017-06-16(中国大陆)
761,1499.0,死亡阴影,['David Cholewa'],3.6, 恐怖, 法国, 2012
762,1510.0,美味的工作女孩,['화니'],3.7,,,
763,1511.0,最后的性与爱,['이세일'],3.6, 韩国, 韩语, 61
764,1512.0,疯魔鲁智深,['王子'],3.6, 中国大陆, 汉语普通话, 86分钟
765,1513.0,杀手旅馆,['小川和也'],3.6, 日本, 日语, Killer Motel
766,1514.0,极北之战,['David Frazee'],3.6, 科幻, Canada, 2013-01-11
767,1515.0,妻子的校友,['이리단'],3.6, 韩国, 韩语, 86分钟
768,1516.0,超能暴力对决,['James Mark'],3.6, 动作 / 科幻, 加拿大, 2017(加拿大)
769,1517.0,张三丰之末世凶兵,"['郭玉龙', '仇新宇']",3.6, 喜剧 / 动作, 中国大陆, 2018-04-14(中国大陆)
770,1518.0,爱情导师,['Shin Hye Sung'],3.6, 韩国, 韩语, 74分钟
771,1519.0,飞天猴子,['Robert Grasmere'],3.6, 科幻 / 恐怖, 美国, 2013
772,1530.0,美国迦顿,['Mike Norris'],3.6, 动作, 美国, 2016-05-13(美国)
773,1531.0,泡上美女总裁,['魏冬雷'],3.6, 剧情 / 爱情, 中国大陆, 我的美女总裁老婆
774,1532.0,美女战争,['Lim Jin-seung'],3.6, 韩语, 2013-12-19(韩国), 艳战 / Beauty Wars
775,1533.0,黑客悲情,['张源'],3.6, 剧情 / 悬疑 / 惊悚 / 犯罪, 中国大陆 / 韩国, 2011-10-14(中国大陆)
776,1534.0,末日回旋,['Eric Petey'],3.6, 动作, 美国, 螺旋效应
777,1535.0,僵尸崛起,['Nick Lyon'],3.6,,,
778,1536.0,太空熊猫历险记,['郑成峰'],3.6, 动画 / 奇幻 / 冒险, 中国大陆, 2013-12-28(中国大陆)
779,1537.0,爱上夜蒲团,['吉米'],3.6, 爱情, 中国大陆, 2016-07-15(中国大陆)
780,1538.0,炮灰,['刘铁键'],3.6, 中国大陆, 汉语普通话, 60
781,1539.0,萤火侠,"['蔡业翰', '钟明桦']",3.6, 喜剧 / 犯罪, 新加坡, 2013-11-14(马来西亚)
782,1550.0,沪上风云,[],3.6,,,
783,1551.0,午夜凶梦,['叶伟英'],3.5, 悬疑 / 惊悚 / 恐怖, 中国大陆, 2011-11-25(中国大陆)
784,1552.0,邪恶护士2,['Helfi Kardit'],3.5, 喜剧 / 恐怖, susterkeramas2.com/, 印度尼西亚语
785,1553.0,有招没招之爱情达人,['智磊'],3.5, 喜剧 / 爱情, 中国大陆 / 香港, 2013-12-27(中国大陆)
786,1554.0,道士出山3：外星古墓（上）,['张涛'],3.5, 喜剧 / 科幻 / 悬疑 / 惊悚 / 恐怖, 中国大陆, 2015
787,1555.0,帝国时代:亚洲王朝,['Yusry Kru'],3.5, 动作 / 冒险, 马来西亚, 2011-03-10
788,1556.0,永春白鹤拳之擎天画卷,['梁家仁'],3.5, 喜剧 / 动作 / 爱情, 中国大陆, 2014-08-15(中国大陆)
789,1557.0,诡眼,['欧阳奋强'],3.5, 惊悚 / 恐怖, 中国大陆, 2017-03-10(中国大陆)
790,1558.0,禁止性爱：甜蜜的复仇,['Lee Soong-hwan (이숭환)'],3.5, 韩国, 2016-01-14(韩国), Prohibited Sex Sweet Revenge
791,1559.0,宝塔镇河妖之诡墓龙棺,['代艺霖'],3.5, 喜剧 / 悬疑 / 奇幻, 中国大陆, 2018-06-14(中国大陆)
792,1570.0,半机械人,['K. King'],3.5, 动作 / 恐怖, 美国, 魔鬼生化人(台)
793,1571.0,活死人之夜3D：复活,['杰夫·布罗德史崔特'],3.5, 恐怖, www.nightofthelivingdead3d.com/re-animate.html, 英语
794,1572.0,地牢围攻3,['乌维·鲍尔'],3.5, 动作 / 惊悚 / 奇幻 / 冒险, 美国, 2014-02-26(美国)
795,1573.0,赶尸人之摄魂铃,['严绍根'],3.5, 剧情 / 爱情 / 悬疑 / 惊悚, 中国大陆, 2015-09-22(中国大陆)
796,1574.0,冷聚变,['Ivan Mitov'],3.5,,,
797,1575.0,舞者的秘密教学,['朴树苗'],3.5, 韩国, 韩语, 51分钟
798,1576.0,今天·明天,['刘左锋'],3.5, 动画 / 儿童, www.pinganchina.org, 汉语普通话
799,1577.0,鬼女艾拉,['Elias'],3.5, 科幻 / 惊悚, 美国, 2017-10-06(美国)
800,1578.0,大内特工队,['戴希帆'],3.5, 喜剧 / 悬疑, 中国大陆, 2017-10-11(中国大陆)
801,1579.0,辽阔天空,['Jorge Michel Grau'],3.5, 剧情 / 惊悚, 美国, 90分钟
802,1590.0,恶灵降临,['Alex Wright'],3.5, 惊悚, 美国, 2011
803,1591.0,新大头儿子和小头爸爸之马年新愿,[],3.5,,,
804,1592.0,搭车艳遇,['片冈爱之助'],3.5, 日本, 日语, 71分钟
805,1593.0,迷与狂,['颜廷录'],3.4, 喜剧, 中国大陆, 2015-05-22(中国大陆)
806,1594.0,结婚狂想曲,['杨朗丛'],3.4, 喜剧 / 爱情, 中国大陆, 2012-03-09(中国大陆)
807,1595.0,禁忌游戏之迷藏,['宋胤熹'],3.4, 惊悚 / 恐怖, 中国大陆, 2013-10-11(中国大陆)
808,1596.0,我们毕业的夏天,['喻瀚湫'],3.4, 剧情 / 喜剧 / 爱情, 中国大陆, 2014-08-29(中国大陆)
809,1597.0,青蛙总动员,['杨仁贤'],3.4, 喜剧 / 动画 / 冒险, 中国大陆 / 台湾, 2016-04-30(中国大陆) / 2018-01-13(中国大陆重映)
810,1598.0,敞开的房子,['马特·安吉'],3.4, 惊悚, 美国, 2018-01-19(美国)
811,1599.0,钢铁入侵者,['Paul Ziller'],3.4, 科幻, www.syfy.com, 英语
812,1610.0,沼泽狂鲨,['格里夫·弗斯特'],3.4, 剧情 / 动作 / 恐怖 / 冒险 / 灾难, 美国, 2011-06-25
813,1611.0,课外辅导,['Mr. L'],3.4, 韩国, 韩语, 65分钟
814,1612.0,神通佛影,['郑阳'],3.4, 喜剧 / 动作 / 冒险, 中国大陆, 2014-08-29(中国大陆)
815,1613.0,空降,['Dominic Burns'],3.4, 惊悚 / 恐怖, 英国, 77
816,1614.0,逃出食人农场,['Charlie Steeds'],3.4, 恐怖, 英国, 2017-10-09(瑞典)
817,1615.0,终极尖兵,['西蒙·菲利普斯'],3.4, 科幻, 英国, 2017-03-07(美国)
818,1616.0,完美的爱,['王择谚'],3.4, 剧情 / 爱情, 中国大陆, 2011-10-04(中国大陆)
819,1617.0,整形师·脸,['黄军'],3.4, 悬疑 / 惊悚, 中国大陆, 2016-05-20(中国大陆)
820,1618.0,黑瞳,['杜云萍'],3.4, 悬疑 / 犯罪, 中国大陆, 2015-07-27(广东地区)
821,1619.0,拳脚刑警：唐人街,['朴相贤'],3.4, 剧情 / 动作 / 犯罪, 韩国, 2015-07-09(韩国)
822,1630.0,流星的启示,['Micho Rutare'],3.4, 美国, 英语, 88 分钟
823,1631.0,奴隶邮件,['石川均'],3.4, 日本, 日语, 74分钟
824,1632.0,社交情圣,['吕磊'],3.4, 喜剧 / 爱情, 中国大陆, 60分钟
825,1633.0,触碰,['王子'],3.4, 剧情 / 爱情, 中国大陆, 2016-07-30(中国大陆)
826,1634.0,血溅神棍节,['Keith Allan'],3.4, 惊悚 / 恐怖, 美国, 2011-11-11(美国)
827,1635.0,特命女子安娜 并野容子 2 逝去的爱,['田尻裕司'],3.4, 日本, 日语, Tokumei joshi-ana
828,1636.0,夜店诡谈,['方亚熙'],3.3, 惊悚 / 情色, 中国大陆, 2012-02-10(中国大陆)
829,1637.0,恋爱三万英尺,['杨子'],3.3, 喜剧 / 爱情, 中国大陆, 2012-11-23(中国大陆)
830,1638.0,麻辣甜心,['殷国君'],3.3,,,
831,1639.0,地下室惊魂,['梁杰'],3.3, 剧情 / 悬疑 / 惊悚 / 恐怖, 中国大陆, 2012-12-28(中国大陆)
832,1650.0,梦精爱,['Lee Soong-hwan'],3.3, 韩国, 韩语, 70分钟
833,1651.0,我的美丽王国,['麦咏麟'],3.3, 喜剧 / 爱情, 中国大陆, 2013-12-13(中国大陆)
834,1652.0,拳霸风云,['臧溪川'],3.3, 剧情 / 动作 / 爱情, 中国大陆, 2015-06-26(中国大陆)
835,1653.0,机器人病毒危机,['Timothy Woodward Jr.'],3.3, 动作 / 科幻 / 惊悚, 美国, 2016-03-01
836,1654.0,女孩们的周末,['Lou Simon'],3.3, 惊悚 / 恐怖 / 冒险, 美国, 2016-07-12(美国)
837,1655.0,枕边有张脸2,['赵小溪'],3.3, 悬疑 / 惊悚, 中国大陆, 2016-10-28(中国大陆)
838,1656.0,僵尸本拉登,['约翰·莱德  库尔特·黑尔'],3.3, 动作 / 惊悚 / 恐怖, 美国, Ozombie
839,1657.0,超级英雄必死,['Jason Trost'],3.3, 惊悚, 美国, 2011-10-26(多伦多恐怖电影节) / 2012(美国)
840,1658.0,鬼鲨,['格里夫·弗斯特'],3.3, 恐怖, 美国, 2013-08-22
841,1659.0,校花驾到2蜜桃时代,['马成成'],3.3, 剧情 / 喜剧 / 爱情, 中国大陆, 2015-11-24(中国大陆)
842,1662.0,拳霸风云,['臧溪川'],3.3,,,
843,1663.0,机器人病毒危机,['Timothy Woodward Jr.'],3.3,,,
844,1664.0,女孩们的周末,['Lou Simon'],3.3,,,
845,1665.0,枕边有张脸2,['赵小溪'],3.3,,,
846,1666.0,僵尸本拉登,['约翰·莱德  库尔特·黑尔'],3.3,,,
847,1667.0,超级英雄必死,['Jason Trost'],3.3,,,
848,1668.0,鬼鲨,['格里夫·弗斯特'],3.3,,,
849,1669.0,校花驾到2蜜桃时代,['马成成'],3.3,,,
850,1670.0,沉睡,['妮科尔·琼斯狄翁'],3.3,,,
851,1671.0,惊魂十二小时,['Matthew K. Hacker'],3.3,,,
852,1672.0,我的办公室老婆,['김학묵(Kim Hak-mook)'],3.3,,,
853,1673.0,超级细菌,['John Craddock'],3.3,,,
854,1674.0,君子好逑3,['김미연'],3.3,,,
855,1675.0,玩谢大师,['蓝兆基'],3.3,,,
856,1676.0,毁灭种子,['Paul Ziller'],3.3,,,
857,1677.0,超能机器女友,['高伟伦'],3.3,,,
858,1678.0,空心,['Sheldon Wilson'],3.3,,,
859,1679.0,地下惊魂,['布莱恩·T·杰恩斯'],3.3,,,
860,1680.0,title,directors,rate,type,producer,publish_date
861,2271.0,蔡李佛,"['黄明升', '罗惠德']",3.6,,,
862,2272.0,巨型蜘蛛,['蒂波尔·塔卡克斯'],3.6,,,
863,2273.0,爱我就陪我看电影,['牛朝阳'],3.5,,,
864,2274.0,全美洗车女郎,['Nimrod Zalmanowitz'],3.5,,,
865,2275.0,炸星记,['Shakti Soundar Rajan'],3.5,,,
866,2276.0,蜜月酒店杀人事件,['张哲洙'],3.4,,,
867,2277.0,呆呆计划,['森岛'],3.4,,,
868,2278.0,夜店北京2：女神禁区,['张朋'],3.4,,,
869,2279.0,古墓兽影,['李麒麟'],3.4,,,
870,2280.0,午夜心跳,['张加贝'],3.3,,,
871,2286.0,功夫联盟,['刘镇伟'],3.6, 剧情 / 动作, 中国大陆, 2018-10-26(中国大陆)
872,2289.0,中国蓝盔,['宁海强'],3.5, 剧情 / 动作 / 战争, 中国大陆, 2018-11-23(中国大陆) / 2018-06-18(上海电影节)
873,2396.0,刀客外传,['袁鸿冰'],3.4, 喜剧, 中国大陆, 2010-11-05
874,2492.0,特工艾米拉,['徐宏辉'],2.8, 动作 / 悬疑, 中国大陆, 2014-04-11(中国大陆)
875,2515.0,爱很美,['殷悦'],3.5, 爱情, 中国大陆, 2013-07-25(中国大陆)
876,2553.0,石器时代之百万大侦探,['王松'],3.3, 喜剧 / 奇幻, 中国大陆 / 香港, 2013-04-28(中国大陆)
877,2554.0,一路狂奔,['王钧'],3.1, 喜剧, 中国大陆, 2013-05-24(中国大陆)
878,2556.0,英雄之战,['虞军豪'],3.1, 动作 / 爱情, 中国大陆, 2014-03-21(中国大陆)
879,2655.0,泰迪熊之玩具大战,['胡韵'],2.4, 喜剧 / 动画, 中国大陆, 2016-06-09(中国大陆)
880,2915.0,女娲日记,['高波'],2.1, 中国大陆, 汉语普通话, 82分钟
881,2960.0,济公之英雄归位,['林子聪'],3.2, 中国大陆, 汉语普通话, 90分钟
882,3014.0,湘江北去,['陈力'],3.9,,,
883,3015.0,僵尸启示录：救赎,['尼克·里昂'],3.9,,,
884,3016.0,幸存者,['Casey La Scala'],3.9,,,
885,3017.0,守株人,['李明明'],3.9,,,
886,3018.0,角色扮演,['Sang-yeol Baek'],3.9,,,
887,3019.0,伊阿索密码,"['李伟', '张楠']",3.9,,,
888,3020.0,巨蛛怪,['迈克·门德兹'],3.9,,,
889,3021.0,两个小姨子,['Park-Joo-yeong (박주영)'],3.9,,,
890,,title,directors,rate,type,producer,publish_date
