Unnamed: 0,Unnamed: 0.1,title,rate,type,producer,publish_date
0,0.0,恶棍天使,4.0, 喜剧, 中国大陆,2015
3,3.0,王牌逗王牌,3.3, 喜剧 , 中国大陆 ,2016
5,5.0,三生三世十里桃花,3.9, 爱情 , 中国大陆,2017
7,7.0,冰封：重生之门,3.6, 喜剧 , 中国大陆,2014
8,8.0,摆渡人,4.0, 喜剧 , 中国大陆 ,2016
10,10.0,何以笙箫默,3.6, 爱情, 中国大陆,2015
12,12.0,澳门风云3,4.0, 喜剧 , 香港 ,2016
13,13.0,纯洁心灵·逐梦演艺圈,2.2, 剧情 , 中国大陆,2017
14,14.0,爵迹,3.8, 动画 , 中国大陆,2016
15,15.0,大闹天竺,3.7, 喜剧 , 中国大陆,2017
18,18.0,新娘大作战,3.9, 喜剧 , 中国大陆 ,2015
20,30.0,东北往事之破马张飞,3.5, 喜剧 , 中国大陆,2017
21,31.0,天机·富春山居图,2.9, 动作 , 中国大陆,2013
24,34.0,封神传奇,2.9, 剧情 , 香港 ,2016
26,36.0,蒸发太平洋,3.3, 剧情 , 中国大陆 ,2016
27,37.0,白发魔女传之明月天国,3.7, 动作 , 中国大陆 ,2014
29,39.0,李雷和韩梅梅,3.5, 剧情 , 中国大陆,2017
30,50.0,封门村,2.7, 悬疑 , 中国大陆,2014
31,51.0,奔跑吧！兄弟,3.4, 喜剧, 中国大陆,2015
33,53.0,大话西游3,3.6, 喜剧 , 中国大陆 ,2016
39,59.0,欢乐喜剧人,2.5, 喜剧, 中国大陆,2017
41,71.0,京城81号2,3.8, 剧情 , 中国大陆,2017
42,72.0,特殊身份,4.0, 动作 , 中国大陆,2013
44,74.0,浪漫天降,3.7, 喜剧 , 中国大陆,2015
45,75.0,王朝的女人·杨贵妃,3.6, 爱情 , 中国大陆,2015
46,76.0,校花诡异事件,3.1, 惊悚 , 中国大陆,2013
47,77.0,女人公敌,3.5, 喜剧, 中国大陆,2013
48,78.0,青禾男高,3.9, 剧情, 中国大陆 ,2017
49,79.0,奔爱,3.8, 剧情 , 中国大陆,2016
50,90.0,泡沫之夏,2.6, 剧情 , 中国大陆,2016
52,92.0,人间蒸发,2.8, 悬疑 , 中国大陆 ,2013
53,93.0,惊天破,3.9, 剧情 , 中国大陆 ,2016
54,94.0,降魔传,2.9, 喜剧 , 中国大陆,2017
55,95.0,从天“儿”降,3.5, 喜剧, 中国大陆,2015
56,96.0,谋杀似水年华,3.8, 爱情 , 中国大陆 ,2016
58,98.0,沙子怪物,4.0, 科幻 , 美国,2015
60,110.0,我的新野蛮女友,3.6, 喜剧 , 韩国 ,2016
61,111.0,大寒桃花开,3.4, 爱情 , 中国大陆,2014
63,113.0,铁血娇娃,3.4, 动作 , 中国大陆,2013
64,114.0,大话天仙,3.0, 喜剧 , 中国大陆 ,2014
67,117.0,钢刀,3.9, 剧情 , 中国大陆,2016
71,131.0,不可思异,3.8, 剧情 , 中国大陆,2015
72,132.0,非狐外传,3.2, 爱情 , 中国大陆 ,2014
73,133.0,三月情流感,3.6, 喜剧 , 中国大陆,2013
74,134.0,枕边有张脸,3.8, 悬疑 , 中国大陆,2013
76,136.0,疯岳撬佳人,3.2, 喜剧 , 中国大陆,2017
79,139.0,女生宿舍,3.9, 悬疑 , 中国大陆,2014
81,151.0,尸囚狱：前篇,3.9, 剧情 , 日本,2017
82,152.0,古堡之吻,3.7, 爱情, 中国大陆 ,2014
83,153.0,冲天火,3.6, 动作 , 中国大陆,2016
84,154.0,梦想合伙人,3.9, 剧情 , 中国大陆,2016
88,158.0,守护者：世纪战元,3.9, 动作 , 俄罗斯,2017
89,159.0,大嫂,3.3, 剧情 , 香港 ,2017
90,170.0,笔仙大战贞子,4.0, 惊悚 , 中国大陆,2016
91,171.0,快乐到家,3.2, 喜剧, 中国大陆,2013
92,172.0,疯狂的导演,3.1, 喜剧, 中国大陆,2013
95,175.0,在一起,3.6, 爱情, 香港 ,2013
96,176.0,白狐,3.3, 动作 , 中国大陆,2013
100,190.0,那件疯狂的小事叫爱情,4.0, 喜剧 , 中国大陆,2016
101,191.0,年少轻狂,3.7, 喜剧 , 中国大陆,2015
104,194.0,我的播音系女友,3.6, 喜剧 , 中国大陆,2014
105,195.0,勇士之门,3.5, 奇幻 , 中国大陆 ,2016
106,196.0,汽车人总动员,2.3, 喜剧 , 中国大陆,2015
107,197.0,沙西米,4.0, 情色, 台湾,2015
112,212.0,情遇曼哈顿,3.8, 喜剧 , 中国大陆,2017
113,213.0,致我们终将到来的爱情,3.6, 喜剧 , 中国大陆,2016
115,215.0,相声大电影之我要幸福,3.0, 剧情 , 中国大陆,2017
118,218.0,电梯惊魂,3.5, 悬疑 , 中国大陆,2013
124,234.0,诡婴吉咪,3.6, 惊悚, 中国大陆,2013
128,238.0,夜闯寡妇村,2.4, 悬疑 , 中国大陆,2017
129,239.0,鲨卷风,3.7, 喜剧 , 美国,2013
130,250.0,谁说我们不会爱,3.5, 爱情, 中国大陆,2014
131,251.0,半熟少女,3.2, 剧情 , 中国大陆,2016
132,252.0,抢红,3.0, 动作 , 中国大陆,2017
134,254.0,星期8,3.9, 剧情 , 中国大陆,2017
137,257.0,公主的诱惑,3.3, 喜剧 , 中国大陆,2013
138,258.0,会痛的十七岁,3.0, 爱情, 中国大陆,2017
139,259.0,我的极品女神,4.0, 喜剧 , 中国大陆,2016
141,271.0,绝命航班,3.4, 动作 , 中国大陆,2014
143,273.0,爸爸的假期,4.0, 喜剧 , 中国大陆,2015
144,274.0,黑色喜剧,4.0, 喜剧, 香港,2014
146,276.0,私人会所,3.8, 剧情, 香港,2017
147,277.0,野性侵袭,3.6, 动作 , 美国,2017
148,278.0,笔仙惊魂3,3.2, 悬疑 , 中国大陆,2014
149,279.0,开罗宣言,3.2, 剧情 , 中国大陆,2015
150,290.0,帝国秘符,3.1, 动作 , 中国大陆,2013
152,292.0,中国好声音之为你转身,2.5, 剧情 , 中国大陆,2013
153,293.0,热情的邻居,3.9, 剧情 , 韩国,2016
157,297.0,白雪公主之矮人力量,3.4, 喜剧 , 中国大陆,2014
161,311.0,大宅男,3.8, 喜剧 , 台湾 ,2014
162,312.0,赛尔号大电影5：雷神崛起,3.8, 剧情 , 中国大陆,2015
163,313.0,山炮进城2,3.8, 喜剧, 中国大陆,2016
165,315.0,谁动了我的梦想,3.7, 剧情 , 中国大陆,2014
166,316.0,死亡邮件,3.5, 悬疑 , 中国大陆,2014
167,317.0,爸爸的3次婚礼,3.1, 喜剧 , 中国大陆,2016
172,332.0,鲨卷风2,3.9, 喜剧 , 美国,2014
173,333.0,将错就错,3.8, 喜剧 , 中国大陆,2015
176,336.0,极致追击,3.4, 动作 , 中国大陆,2017
179,339.0,诡替身,3.3, 惊悚 , 中国大陆,2014
180,350.0,校花驾到之极品校花,3.2, 剧情, 中国大陆,2014
182,352.0,环大西洋,2.9, 科幻, 美国,2013
184,354.0,中国推销员,3.9, 剧情 , 中国大陆,2017
185,355.0,记忆碎片,3.9, 喜剧 , 中国大陆,2016
195,375.0,美人邦,3.5, 喜剧 , 中国大陆,2014
197,377.0,喜乐长安,3.0, 动作 , 中国大陆,2016
198,378.0,我是处女座,2.9, 剧情 , 中国大陆,2016
199,379.0,孤岛惊魂2,2.8, 悬疑 , 中国大陆,2013
200,390.0,闪魂,2.7, 惊悚 , 中国大陆,2014
201,391.0,宝贝当家,2.7, 喜剧 , 香港 ,2016
202,392.0,恐怖游泳馆,2.6, 惊悚, 中国大陆,2015
203,393.0,莫日根,2.2, 动画 , 中国大陆,2015
204,394.0,不期而遇,4.0, 喜剧 , 中国大陆 ,2017
205,395.0,冒牌卧底,4.0, 喜剧 , 中国大陆,2016
207,397.0,铠甲勇士捕王,3.8, 动作 , 中国大陆,2016
208,398.0,鲨卷风3,3.7, 喜剧 , 美国,2015
209,399.0,姐妹情室,3.7, 情色, 韩国,2015
210,410.0,清算日,3.4, 动作 , 美国,2016
211,411.0,三更车库,3.3, 悬疑 , 中国大陆,2015
213,413.0,迷人的保姆,3.1, 爱情 , 韩国,2015
215,415.0,后备空姐,3.0, 喜剧, 中国大陆 ,2014
219,419.0,林中小屋,2.8, 爱情 , 中国大陆 ,2014
220,430.0,时间都去哪了,4.0, 剧情 , 中国大陆,2015
221,431.0,好命先生,3.9, 喜剧 , 中国大陆,2014
222,432.0,笔仙Ⅱ,3.9, 悬疑 , 中国大陆,2013
224,434.0,堕落天使,3.9, 爱情 , 美国 ,2016
225,435.0,强制措施,3.9, 惊悚 , 美国,2016
228,438.0,狼母,3.8, 惊悚 , 美国,2016
233,453.0,鲨卷风4：四度觉醒,3.6, 喜剧 , 美国,2016
234,454.0,潘多拉异兽,3.6, 恐怖, 美国,2017
235,455.0,我在路上最爱你,3.5, 剧情 , 中国大陆 ,2014
236,456.0,我是谁2015,3.5, 喜剧 , 中国大陆,2015
239,459.0,奇点,3.4, 科幻, 美国,2017
241,471.0,午夜火车,3.2, 悬疑 , 中国大陆,2013
242,472.0,购物女王,3.1, 喜剧 , 中国大陆,2016
244,474.0,绑架大明星,2.8, 喜剧, 中国大陆,2013
245,475.0,秘术,2.5, 悬疑 , 中国大陆,2014
246,476.0,斗战胜佛,2.5, 喜剧 , 中国大陆,2017
247,477.0,放手爱,2.3, 喜剧 , 中国大陆,2014
249,479.0,辣警霸王花,4.0, 喜剧 , 香港,2016
254,494.0,死亡棚屋,3.9, 喜剧 , 加拿大 Canada,2017
255,495.0,鲨卷风5：全球鲨暴,3.9, 喜剧 , 美国,2017
259,499.0,情事：不要结婚要恋爱,3.7, 爱情, 韩国,2016
260,510.0,我的男男男男朋友,3.6, 喜剧 , 中国大陆,2013
261,511.0,金沙血,3.6, 动作, 美国 ,2017
262,512.0,巴啦啦小魔仙,3.5, 儿童 , 中国大陆,2013
264,514.0,夜半梳头,3.4, 悬疑 , 中国大陆,2014
266,516.0,楼上的女孩,3.3, 爱情 , 韩国,2014
267,517.0,第五名乘客,3.4, 科幻, 美国,2017
269,519.0,城市游戏,3.3, 动作 , 中国大陆 ,2014
270,529.0,巴啦啦小魔仙之魔法的考验,3.3, 儿童 , 中国大陆,2014
271,530.0,青春逗,3.3, 剧情 , 中国大陆,2017
272,531.0,神奇,3.2, 剧情 , 中国大陆,2013
273,532.0,怨灵人偶,2.9, 惊悚 , 中国大陆,2014
275,534.0,我爱灰太狼2,2.8, 喜剧 , 中国大陆,2013
277,536.0,狂野飞车,2.7, 动作 , 中国大陆,2015
279,538.0,骇客交锋,4.0, 剧情 , 美国,2015
280,539.0,古镇凶灵之巫咒缠身,4.0, 惊悚 , 中国大陆,2013
282,551.0,猪猪侠之终极决战,4.0, 喜剧 , 中国大陆,2015
283,552.0,勾当2：红色骆驼,4.0, 剧情, 韩国,2015
284,553.0,山炮进城,3.9, 喜剧, 中国大陆,2015
285,554.0,凶手还未睡,3.9, 剧情 , 香港,2016
286,555.0,我的老婆是明星,3.9, 喜剧 , 香港,2016
287,556.0,龙拳小子,3.9, 喜剧 , 中国大陆,2016
288,557.0,潜艇总动员4：章鱼奇遇记,3.9, 喜剧 , 中国大陆,2014
289,558.0,女人永远是对的,3.8, 喜剧 , 香港,2017
293,572.0,满洲里来的人,3.8, 剧情 , 中国大陆,2015
294,573.0,当我成为你,3.8, 爱情 , 中国大陆,2016
295,574.0,功夫侠,3.7, 动作, 美国 ,2013
297,576.0,土豪520,3.6, 喜剧 , 中国大陆,2015
300,579.0,爱我就陪我看电影,3.5, 喜剧 , 中国大陆,2015
301,590.0,全美洗车女郎,3.5, 喜剧, 美国,2015
303,592.0,蜜月酒店杀人事件,3.4, 剧情 , 中国大陆 ,2016
304,593.0,呆呆计划,3.4, 剧情 , 中国大陆,2016
308,597.0,时光恋人,3.3, 剧情 , 中国大陆,2013
309,598.0,嫐,3.3, 剧情, 台湾,2017
310,599.0,张震讲故事之鬼迷心窍,3.2, 悬疑 , 中国大陆,2015
313,611.0,708090之深圳恋歌,3.0, 剧情 , 中国大陆,2016
315,613.0,蝴蝶公墓,2.9, 爱情 , 中国大陆,2017
316,614.0,灵臆事件,2.9, 惊悚 , 中国大陆,2015
318,616.0,怖偶,2.8, 悬疑 , 中国大陆,2014
319,617.0,楼,2.8, 悬疑 , 中国大陆,2013
320,618.0,惊魂电影院,2.8, 惊悚, 中国大陆,2015
321,619.0,床下有人2,2.7, 悬疑 , 中国大陆,2014
322,630.0,情剑,2.7, 武侠 , 中国大陆,2015
323,631.0,咸鱼传奇,2.7, 喜剧, 中国大陆,2017
324,632.0,致命闪玩,2.7, 剧情 , 中国大陆,2013
326,634.0,笔仙撞碟仙,2.4, 惊悚 , 中国大陆,2016
329,637.0,亲，别怕,2.3, 惊悚, 中国大陆,2015
331,639.0,碟仙之毕业照,2.2, 惊悚 , 中国大陆,2017
332,650.0,探灵档案,4.0, 悬疑 , 中国大陆,2015
334,652.0,新建文件夹,4.0, 情色, 韩国,2014
339,657.0,幸存者,3.9, 惊悚 , 美国,2014
343,671.0,冥界,3.9, 惊悚 , 美国,2017
344,672.0,巨蛛怪,3.9, 喜剧 , 美国,2013
346,674.0,大梦西游3女儿国奇遇记,3.9, 剧情 , 中国大陆,2017
349,677.0,星际之旅：木星计划,3.9, 剧情 , 加拿大,2015
351,679.0,最萌身高差,3.8, 喜剧 , 中国大陆,2016
357,695.0,囧人之越挠越痒,3.7, 剧情 , 中国大陆,2013
358,696.0,不爱不散,3.7, 喜剧 , 中国大陆,2014
359,697.0,超自然事件之坠龙事件,3.7, 动作 , 中国大陆,2017
361,699.0,传染,3.7, 科幻 , 美国,2014
367,715.0,妖医,3.6, 悬疑 , 中国大陆 ,2016
368,716.0,夜幕惊魂,3.6, 喜剧 , 中国大陆,2013
369,717.0,异兽来袭,3.6, 剧情, 中国大陆,2017
370,718.0,纯纯欲动,3.6, 喜剧 , 中国大陆,2014
373,731.0,爱爱囧事,3.5, 喜剧 , 中国大陆,2013
377,735.0,魔卡行动,3.4, 喜剧 , 中国大陆,2015
380,738.0,死亡飞车2050,3.4, 喜剧 , 美国,2017
381,739.0,大会师,3.4, 历史 , 中国大陆,2016
383,750.0,复仇者格林,3.4, 动作 , 美国,2015
388,755.0,七月半之恐怖宿舍,3.3, 悬疑 , 中国大陆,2015
389,756.0,地球防卫遗孀,3.3, 科幻, 日本,2014
391,758.0,盲少爷的小女仆,3.3, 爱情, 中国大陆,2016
392,759.0,暗黑灯塔,3.3, 惊悚 , 英国,2017
393,769.0,吉星高照2015,3.2, 喜剧, 香港 ,2015
396,772.0,诡新娘,3.2, 悬疑 , 中国大陆,2016
398,774.0,蝉翼,3.2, 剧情 , 中国大陆,2014
400,777.0,鬼瞳警探,3.1, 悬疑 , 中国大陆,2016
401,778.0,零下100度,2.9, 动作 , 美国,2013
403,790.0,生死96小时,2.9, 剧情 , 中国大陆,2016
404,791.0,笑林足球,2.8, 喜剧 , 中国大陆 ,2016
405,792.0,七月半2：前世今生,2.8, 剧情 , 中国大陆,2016
406,793.0,灵瞳,2.8, 爱情 , 中国大陆,2014
407,794.0,诡八楼,2.7, 悬疑 , 中国大陆,2014
410,797.0,半夜叫你别回头,2.6, 惊悚 , 中国大陆,2015
411,798.0,领袖1935,2.6, 剧情, 中国大陆,2017
412,799.0,夜半哭声,2.6, 惊悚 , 中国大陆,2016
413,809.0,这个大叔不太囧,2.5, 喜剧 , 中国大陆,2014
415,811.0,逃离现场,2.5, 惊悚 , 中国大陆,2017
417,813.0,恐怖电影院2,2.4, 惊悚 , 中国大陆,2017
419,815.0,惊魂绣花鞋,2.3, 惊悚 , 中国大陆,2017
420,816.0,爱的帕斯卡,2.3, 剧情, 中国大陆,2017
421,817.0,惊魂七夜,2.3, 惊悚 , 中国大陆,2017
423,819.0,怨灵宿舍之人偶老师,2.2, 惊悚 , 中国大陆,2017
426,832.0,迷魂之密室逃脱,4.0, 悬疑 , 中国大陆,2013
427,833.0,百万爱情宝贝,4.0, 喜剧 , 中国大陆,2013
428,834.0,换爱七日,4.0, 喜剧 , 中国大陆,2014
430,836.0,落经山,4.0, 剧情 , 中国大陆,2013
431,837.0,不良女警,4.0, 喜剧 , 中国大陆,2016
433,839.0,我邻居的老婆,4.0, 剧情 , 韩国,2016
434,850.0,忍者传说之高校争霸,4.0, 动作, 中国大陆,2017
435,851.0,一起入魔,4.0, 惊悚, 英国,2016
436,852.0,恶灵弑室,4.0, 恐怖, 美国,2017
444,870.0,红颜孽,4.0, 剧情 , 印度 India,2013
445,871.0,十月建造的房屋2,4.0, 恐怖, 美国,2017
446,872.0,拆散专家,3.9, 喜剧 , 中国大陆 ,2014
447,873.0,僵尸海狸,3.9, 喜剧 , 美国,2014
448,874.0,床,3.9, 剧情, 韩国,2013
449,875.0,血战墓碑镇2,3.9, 动作 , 美国,2017
450,876.0,正骨,3.9, 剧情 , 中国大陆,2013
458,894.0,风云1927,3.9, 剧情 , 中国大陆,2014
459,895.0,东北灵异录,3.9, 惊悚, 中国大陆,2015
462,898.0,伦德尔,3.9, 动作 , 芬兰,2017
463,899.0,少女灵异日记,3.8, 惊悚 , 中国大陆,2013
464,910.0,张震讲故事之合租屋,3.8, 爱情 , 中国大陆,2016
465,911.0,终极救援,3.8, 动作 , 美国 ,2015
466,912.0,垫底联盟,3.8, 剧情 , 中国大陆,2017
468,914.0,夏日示爱,3.8, 喜剧 , 中国大陆 ,2013
470,916.0,欲望故事,3.8, 爱情, 韩国,2016
472,918.0,肉搏战,3.8, 喜剧, 美国,2015
473,919.0,护士也疯狂,3.8, 喜剧 , 中国大陆,2016
477,933.0,大梦西游2铁扇公主,3.7, 剧情 , 中国大陆,2017
479,935.0,十全九美之真爱无双,3.7, 喜剧, 中国大陆,2017
485,951.0,直男正传,3.7, 喜剧 , 中国大陆,2016
486,952.0,机器人战警,3.7, 动作 , 美国,2014
489,955.0,莫陌,3.6, 剧情, 中国大陆,2013
490,956.0,斐济99℃爱情,3.6, 喜剧 , 中国大陆,2014
491,957.0,异形前哨,3.6, 动作 , 英国 ,2014
493,959.0,灵殇,3.6, 恐怖, 美国,2017
494,970.0,王者归来黄飞鸿,3.6, 喜剧 , 中国大陆,2017
497,973.0,何故惹凡尘,3.6, 剧情 , 中国大陆,2017
499,975.0,天使驾到之一夜精喜,3.6, 剧情 , 中国大陆,2016
500,976.0,诡镇,3.5, 剧情 , 中国大陆,2014
502,978.0,精武青春,3.5, 喜剧 , 香港 ,2014
503,979.0,三只小猪2,3.4, 动画, 中国大陆,2017
505,991.0,冰川鲨鱼,3.5, 动作 , 美国,2016
506,992.0,死亡之舞,3.5, 剧情 , 俄国 Russia,2017
507,993.0,睡美人,3.5, 奇幻 , 美国,2014
509,995.0,午夜微博,3.4, 悬疑 , 中国大陆,2013
512,999.0,海豹突击队大战僵尸,3.4, 动作 , 美国,2015
513,1010.0,十万伙急,3.4, 喜剧 , 台湾,2015
514,1011.0,拼时代,3.4, 剧情 , 中国大陆,2014
515,1012.0,我们的青春不怕疼,3.4, 爱情, 中国大陆,2017
516,1013.0,花样女鬼,3.4, 情色, 韩国,2015
517,1014.0,骇故事之恐怖殡仪馆,3.4, 剧情 , 中国大陆,2016
519,1016.0,男颜之瘾,3.4, 剧情 , 中国大陆,2016
521,1018.0,诱狼,3.3, 剧情 , 中国大陆,2015
522,1019.0,异种,3.3, 悬疑 , 中国大陆,2015
523,1030.0,1303大厦,3.3, 恐怖, 美国,2013
524,1031.0,大宋绯闻录,3.3, 喜剧, 中国大陆,2017
525,1032.0,潜藏海底的生物,3.3, 科幻 , 美国,2016
526,1033.0,泡妞秘籍,3.3, 喜剧 , 中国大陆,2015
527,1034.0,女法医手记之最后真相,3.3, 剧情 , 中国大陆,2017
528,1035.0,粉红女郎之爱人快跑,3.2, 喜剧 , 中国大陆,2013
531,1038.0,黄金福将,3.2, 喜剧, 中国大陆,2015
533,1050.0,失心者,3.2, 惊悚, 中国大陆,2016
534,1051.0,孤岛,3.2, 悬疑 , 中国大陆,2014
535,1052.0,国宝疑云,3.2, 动作 , 中国大陆,2014
536,1053.0,韩子高,3.2, 爱情 , 中国大陆,2016
538,1055.0,黄真伊,3.2, 情色, 韩国,2015
539,1056.0,再见美人鱼,3.2, 爱情 , 中国大陆,2016
542,1059.0,炽热的欲望,3.3, 剧情 , 韩国,2013
544,1071.0,功夫机器侠,3.1, 动作 , 中国大陆,2017
545,1072.0,功夫战斗机,3.1, 剧情 , 中国大陆,2013
546,1073.0,步步追魂,3.1, 悬疑 , 中国大陆,2013
549,1076.0,东方中国梦,3.1, 剧情, 中国大陆,2013
551,1078.0,生化药尸,3.1, 喜剧 , 中国大陆,2017
552,1079.0,性的研究,3.1, 剧情 , 韩国,2015
554,1091.0,史前怪兽,3.0, 动作 , 英国 ,2014
555,1092.0,碟仙诡谭,3.0, 惊悚, 中国大陆,2014
558,1095.0,桃花侠大战菊花怪,3.0, 喜剧 , 中国大陆,2014
560,1097.0,死亡游戏,3.0, 惊悚 , 中国大陆,2016
561,1098.0,奇葩追梦,3.0, 剧情 , 中国大陆,2016
562,1099.0,功夫机器侠之北腿,3.0, 动作 , 中国大陆,2017
566,1113.0,一路夜蒲,3.0, 爱情, 中国大陆,2016
568,1115.0,女女女,3.0, 喜剧, 韩国,2014
569,1116.0,人鱼校花,2.9, 喜剧 , 中国大陆,2016
570,1117.0,小阴谋大爱情,2.9, 剧情 , 中国大陆,2017
571,1118.0,毒鲨,2.9, 剧情 , 美国,2017
574,1131.0,特洛伊奥德赛,2.9, 动作 , 美国,2017
575,1132.0,孤狼,2.9, 动作 , 美国,2016
576,1133.0,青春真好,2.9, 剧情, 中国大陆,2014
577,1134.0,分手达人,2.8, 喜剧 , 中国大陆,2014
578,1135.0,模特魅影,2.8, 剧情 , 中国大陆,2013
579,1136.0,聊斋新编之画皮新娘,2.8, 惊悚 , 中国大陆,2016
580,1137.0,夺命三头鲨,2.8, 动作 , 美国,2015
581,1138.0,恐怖笔记,2.8, 悬疑 , 中国大陆,2016
582,1139.0,撞邪31号,2.8, 惊悚 , 中国大陆,2017
585,1152.0,空气,2.8, 剧情 , 美国,2014
591,1158.0,笔仙诡影,2.7, 悬疑 , 中国大陆,2016
593,1170.0,我们毕业啦,2.7, 喜剧 , 中国大陆,2016
594,1171.0,虐面人之死灵面膜,2.7, 爱情 , 中国大陆,2014
595,1172.0,诡娃娃,2.7, 惊悚 , 中国大陆,2015
597,1174.0,狼兵吼,2.7, 动作 , 中国大陆,2016
598,1175.0,请勿靠近,2.7, 悬疑 , 中国大陆,2017
599,1176.0,深海X异种,2.7, 悬疑 , 中国大陆,2016
602,1179.0,侏罗纪进攻,2.6, 科幻 , 美国,2013
604,1191.0,荒野加油站,2.6, 悬疑 , 中国大陆,2017
608,1195.0,床下有人3,2.5, 惊悚 , 中国大陆,2016
609,1196.0,死亡笔记,2.5, 悬疑 , 中国大陆,2016
610,1197.0,陌路惊笑,2.5, 喜剧 , 中国大陆,2015
611,1198.0,巨鳄战狂蟒,2.5, 动作 , 美国,2015
612,1199.0,家有虎妻,2.5, 喜剧 , 中国大陆,2015
614,1211.0,深宫怨灵,2.4, 悬疑 , 中国大陆 ,2017
615,1212.0,功夫四侠,2.4, 喜剧 , 中国大陆,2016
617,1214.0,诡井,2.4, 惊悚 , 中国大陆,2017
619,1216.0,通灵姐妹,2.3, 惊悚 , 中国大陆,2017
620,1217.0,不死之身,2.3, 剧情 , 中国大陆,2016
622,1219.0,疯狂玩具城,2.3, 动画, 中国大陆,2016
624,1231.0,怨灵宿舍之白纸女生,2.2, 惊悚, 中国大陆,2017
626,1233.0,北回归线,4.0, 喜剧 , 中国大陆,2014
628,1235.0,邪恶,4.0, 动作 , 美国,2013
631,1238.0,黑暗,4.0, 惊悚 , 美国,2016
634,1251.0,总有刁民想害朕,4.0, 喜剧 , 中国大陆,2017
636,1253.0,色欲之死2,4.0, 恐怖, 日本,2013
638,1255.0,青天降妖录,4.0, 战争 , 中国大陆,2017
642,1259.0,最完美的女孩,4.0, 悬疑 , 台湾,2017
643,1270.0,戒色师,4.0, 剧情 , 中国大陆,2017
645,1272.0,辛巴达历险记2,4.0, 喜剧 , 中国大陆,2014
647,1274.0,花心大坏蛋,4.0, 剧情 , 韩国,2015
648,1275.0,暴虫!,4.0, 喜剧 , 美国,2015
649,1276.0,狼群,4.0, 惊悚 , 澳大利亚,2015
650,1277.0,盲眼杀机,4.0, 悬疑 , 美国,2017
652,1279.0,镭射小队2,4.0, 科幻, 美国,2017
658,1295.0,我想结婚的时候你在哪,3.9, 喜剧 , 中国大陆,2014
659,1296.0,对不起，我爱你,3.9, 爱情, 中国大陆 ,2014
663,1311.0,漂洋过海来爱你,3.9, 剧情, 中国大陆,2017
664,1312.0,我要复仇,3.9, 剧情 , 日本,2016
665,1313.0,杀出僵尸镇,3.9, 恐怖, 美国,2013
666,1314.0,奥拉星：进击圣殿,3.9, 动画 , 中国大陆,2015
668,1316.0,高空,3.9, 动作 , 美国,2017
671,1319.0,五年模拟 三年高考,3.9, 剧情 , 中国大陆,2017
673,1331.0,杀手离沫,3.9, 剧情 , 中国大陆,2017
682,1350.0,刽子手,4.0, 惊悚 , 美国,2017
683,1351.0,人口交易,3.9, 剧情 , 英国,2015
684,1352.0,惊天追逐,3.9, 喜剧 , 加拿大,2014
687,1355.0,怨灵,3.8, 惊悚 , 中国大陆 ,2014
689,1357.0,凄灵室,3.8, 剧情 , 中国大陆,2016
690,1358.0,陆战特攻,3.8, 动作 , 美国,2013
695,1373.0,大明锦衣卫,3.8, 爱情 , 中国大陆,2016
700,1378.0,颤栗汪洋3,3.8, 恐怖, 澳大利亚,2017
705,1393.0,亵渎,3.8, 惊悚, 美国,2015
708,1396.0,摇摇欲坠,3.8, 剧情 , 美国,2013
709,1397.0,大漠孤侠,3.8, 古装, 中国大陆,2017
714,1412.0,狼的召唤,3.8, 剧情 , 美国,2017
719,1417.0,坎卜斯：清算,3.8, 恐怖, 美国,2015
722,1430.0,小小飞虎队,3.7, 喜剧 , 中国大陆,2013
723,1431.0,猪猪侠之勇闯巨人岛,3.7, 喜剧 , 中国大陆,2014
724,1432.0,超萌英雄,3.7, 喜剧 , 中国大陆,2014
725,1433.0,花咒,3.7, 爱情 , 中国大陆,2014
726,1434.0,寄宿公寓,3.7, 剧情, 韩国,2015
729,1437.0,红髅,3.7, 悬疑 , 中国大陆,2015
730,1438.0,鬼庙,3.7, 恐怖, 美国 ,2017
731,1439.0,神兽金刚之青龙再现,3.7, 动画 , 中国大陆,2016
733,1451.0,生生活活,3.7, 剧情 , 韩国,2013
735,1453.0,笑嗷喜剧人,3.7, 剧情 , 中国大陆,2017
736,1454.0,去地狱的派对巴士,3.7, 恐怖, 美国,2017
738,1456.0,闯堂兔2疯狂马戏团,3.7, 喜剧 , 中国大陆,2015
742,1470.0,令伯特烦恼,3.7, 喜剧, 马来西亚,2017
746,1474.0,先锋之那时青春,3.7, 剧情 , 中国大陆,2016
747,1475.0,暮夜传说,3.7, 爱情 , 中国大陆,2016
748,1476.0,近郊奸情,3.7, 惊悚, 加拿大,2017
751,1479.0,哈瓦苏湖的风流之旅,3.7, 喜剧, 美国,2017
755,1493.0,光的棍,3.6, 喜剧 , 中国大陆,2013
759,1497.0,一家老小向前冲,3.6, 剧情 , 中国大陆,2016
760,1498.0,借眼,3.6, 悬疑 , 中国大陆,2017
766,1514.0,极北之战,3.6, 科幻, Canada,2013
768,1516.0,超能暴力对决,3.6, 动作 , 加拿大,2017
771,1519.0,飞天猴子,3.6, 科幻 , 美国,2013
772,1530.0,美国迦顿,3.6, 动作, 美国,2016
778,1536.0,太空熊猫历险记,3.6, 动画 , 中国大陆,2013
779,1537.0,爱上夜蒲团,3.6, 爱情, 中国大陆,2016
781,1539.0,萤火侠,3.6, 喜剧 , 新加坡,2013
785,1553.0,有招没招之爱情达人,3.5, 喜剧 , 中国大陆 ,2013
786,1554.0,道士出山3：外星古墓（上）,3.5, 喜剧 , 中国大陆,2015
788,1556.0,永春白鹤拳之擎天画卷,3.5, 喜剧 , 中国大陆,2014
789,1557.0,诡眼,3.5, 惊悚 , 中国大陆,2017
794,1572.0,地牢围攻3,3.5, 动作 , 美国,2014
795,1573.0,赶尸人之摄魂铃,3.5, 剧情 , 中国大陆,2015
799,1577.0,鬼女艾拉,3.5, 科幻 , 美国,2017
800,1578.0,大内特工队,3.5, 喜剧 , 中国大陆,2017
805,1593.0,迷与狂,3.4, 喜剧, 中国大陆,2015
807,1595.0,禁忌游戏之迷藏,3.4, 惊悚 , 中国大陆,2013
808,1596.0,我们毕业的夏天,3.4, 剧情 , 中国大陆,2014
809,1597.0,青蛙总动员,3.4, 喜剧 , 中国大陆 ,2016
814,1612.0,神通佛影,3.4, 喜剧 , 中国大陆,2014
816,1614.0,逃出食人农场,3.4, 恐怖, 英国,2017
817,1615.0,终极尖兵,3.4, 科幻, 英国,2017
819,1617.0,整形师·脸,3.4, 悬疑 , 中国大陆,2016
820,1618.0,黑瞳,3.4, 悬疑 , 中国大陆,2015
821,1619.0,拳脚刑警：唐人街,3.4, 剧情 , 韩国,2015
825,1633.0,触碰,3.4, 剧情 , 中国大陆,2016
833,1651.0,我的美丽王国,3.3, 喜剧 , 中国大陆,2013
834,1652.0,拳霸风云,3.3, 剧情 , 中国大陆,2015
835,1653.0,机器人病毒危机,3.3, 动作 , 美国,2016
836,1654.0,女孩们的周末,3.3, 惊悚 , 美国,2016
837,1655.0,枕边有张脸2,3.3, 悬疑 , 中国大陆,2016
840,1658.0,鬼鲨,3.3, 恐怖, 美国,2013
841,1659.0,校花驾到2蜜桃时代,3.3, 剧情 , 中国大陆,2015
874,2492.0,特工艾米拉,2.8, 动作 , 中国大陆,2014
875,2515.0,爱很美,3.5, 爱情, 中国大陆,2013
876,2553.0,石器时代之百万大侦探,3.3, 喜剧 , 中国大陆 ,2013
877,2554.0,一路狂奔,3.1, 喜剧, 中国大陆,2013
878,2556.0,英雄之战,3.1, 动作 , 中国大陆,2014
879,2655.0,泰迪熊之玩具大战,2.4, 喜剧 , 中国大陆,2016
